整租·京基东方都会,1室0厅,西南, 31㎡ ,罗湖区-新秀-京基东方都会,3000 元/月
合租·滨苑小区,3居室,南卧, 12㎡ ,罗湖区-万象城-滨苑小区,2090 元/月
整租·东乐花园,1室0厅,东南/南, 20㎡ ,罗湖区-百仕达-东乐花园,2300 元/月
合租·嘉宾花园,4居室,南卧, 9㎡ ,罗湖区-万象城-嘉宾花园,2590 元/月
整租·银山楼,1室1厅,东, 30㎡ ,罗湖区-笋岗-银山楼,2800 元/月
合租·集浩花园,5居室,南卧, 14㎡ ,罗湖区-黄贝岭-集浩花园,2390 元/月
合租·新湖村公共汽车公司住宅,1居室,南卧, 12㎡ ,罗湖区-新秀-新湖村公共汽车公司住宅,1800 元/月
整租·雅仕居,1室0厅,南, 28㎡ ,罗湖区-清水河-雅仕居,3000 元/月
整租·城市东座,1室0厅,北, 28㎡ ,罗湖区-莲塘-城市东座,2700 元/月
整租·华隆园,1室0厅,东, 32㎡ ,罗湖区-螺岭-华隆园,3000 元/月
整租·特力大厦,1室1厅,南, 33㎡ ,罗湖区-翠竹-特力大厦,2800 元/月
合租·深业东岭,5居室,西卧, 13㎡ ,罗湖区-黄贝岭-深业东岭,2590 元/月
整租·旭飞华天苑,1室0厅,南, 15㎡ ,罗湖区-清水河-旭飞华天苑,1800 元/月
合租·景贝南小区,4居室,西卧, 14㎡ ,罗湖区-黄贝岭-景贝南小区,1860 元/月
整租·布心公寓,1室1厅,北, 35㎡ ,罗湖区-布心-布心公寓,3000 元/月
合租·128大院,1居室,南卧, 144㎡ ,罗湖区-东门-128大院,2200 元/月
整租·鹏基公寓,1室0厅,北, 30㎡ ,罗湖区-莲塘-鹏基公寓,1800 元/月
整租·名都大厦,1室0厅,东, 20㎡ ,罗湖区-螺岭-名都大厦,2200 元/月
整租·洪湖大厦,1室0厅,西北, 32㎡ ,罗湖区-东门-洪湖大厦,2800 元/月
整租·国际名园,1室0厅,东南, 24㎡ ,罗湖区-春风路-国际名园,2700 元/月
整租·贝丽花园,1室0厅,西南, 96㎡ ,罗湖区-翠竹-贝丽花园,2500 元/月
合租·长丰苑,3居室,北卧, 7㎡ ,罗湖区-春风路-长丰苑,1860 元/月
整租·贝丽花园,1室0厅,东/东南, 29㎡ ,罗湖区-翠竹-贝丽花园,2400 元/月
合租·松园南十巷,4居室,南卧, 10㎡ ,罗湖区-地王-松园南十巷,2130 元/月
整租·旭飞华达园,1室0厅,南, 20㎡ ,罗湖区-百仕达-旭飞华达园,2500 元/月
合租·锦上花家园,4居室,西卧, 8㎡ ,罗湖区-黄贝岭-锦上花家园,1890 元/月
整租·雅仕居,1室0厅,南, 25㎡ ,罗湖区-清水河-雅仕居,2100 元/月
合租·桃花园,4居室,北卧, 11㎡ ,罗湖区-笋岗-桃花园,2190 元/月
合租·百仕达花园二期,4居室,南卧, 12㎡ ,罗湖区-百仕达-百仕达花园二期,2730 元/月
合租·文华花园,4居室,南卧, 11㎡ ,罗湖区-黄贝岭-文华花园,1730 元/月
整租·旭飞华天苑,1室0厅,东南, 15㎡ ,罗湖区-清水河-旭飞华天苑,1600 元/月
整租·愉天小区,1室1厅,北, 32㎡ ,罗湖区-翠竹-愉天小区,2890 元/月
整租·128大院,1室0厅,南, 25㎡ ,罗湖区-东门-128大院,2100 元/月
合租·景贝北小区,4居室,东北卧, 12㎡ ,罗湖区-黄贝岭-景贝北小区,1790 元/月
整租·立新花园,1室1厅,东, 21㎡ ,罗湖区-东门-立新花园,2750 元/月
整租·旭飞华天苑,1室1厅,南, 30㎡ ,罗湖区-清水河-旭飞华天苑,2800 元/月
整租·雅仕居,1室1厅,南, 28㎡ ,罗湖区-清水河-雅仕居,2900 元/月
整租·粤鹏大厦,1室1厅,西南, 12㎡ ,罗湖区-春风路-粤鹏大厦,1800 元/月
整租·银晖名居,1室0厅,北, 24㎡ ,罗湖区-银湖-银晖名居,2500 元/月
整租·怡泰大厦,1室1厅,南, 34㎡ ,罗湖区-黄贝岭-怡泰大厦,2800 元/月
整租·公路局大院,1室1厅,南, 25㎡ ,罗湖区-翠竹-公路局大院,2180 元/月
合租·翠竹苑,3居室,南卧, 9㎡ ,罗湖区-百仕达-翠竹苑,1610 元/月
整租·怡泰大厦,1室1厅,东南, 29㎡ ,罗湖区-黄贝岭-怡泰大厦,2600 元/月
合租·罗湖金岸大厦,4居室,东卧, 7㎡ ,罗湖区-罗湖口岸-罗湖金岸大厦,1890 元/月
整租·惠名花园,2室1厅,南/北, 62㎡ ,罗湖区-莲塘-惠名花园,2800 元/月
整租·洪湖一街五号大院罗湖区,1室0厅,南, 15㎡ ,罗湖区-洪湖-洪湖一街五号大院罗湖区,1600 元/月
整租·鹏基公寓,1室1厅,南, 31㎡ ,罗湖区-莲塘-鹏基公寓,2300 元/月
整租·仙桐馨苑,1室1厅,南, 32㎡ ,罗湖区-莲塘-仙桐馨苑,2200 元/月
整租·碧湖花园,1室1厅,复式, 19㎡ ,罗湖区-洪湖-碧湖花园,2900 元/月
整租·南塘物业小区,1室0厅,南, 22㎡ ,罗湖区-东门-南塘物业小区,2600 元/月
整租·东门168,1室1厅,南, 41㎡ ,罗湖区-螺岭-东门168,2800 元/月
整租·田贝花园,1室0厅,西北, 20㎡ ,罗湖区-洪湖-田贝花园,2200 元/月
整租·旭飞华达园,1室0厅,北, 23㎡ ,罗湖区-百仕达-旭飞华达园,2500 元/月
整租·田贝花园,1室0厅,西南, 20㎡ ,罗湖区-洪湖-田贝花园,2200 元/月
整租·怡泰大厦,1室1厅,东南, 35㎡ ,罗湖区-黄贝岭-怡泰大厦,2800 元/月
合租·桃花园,3居室,北卧, 7㎡ ,罗湖区-笋岗-桃花园,1990 元/月
整租·布心公寓,1室1厅,南, 32㎡ ,罗湖区-布心-布心公寓,2800 元/月
整租·田贝花园,1室0厅,西, 23㎡ ,罗湖区-洪湖-田贝花园,2400 元/月
合租·宝龙苑,4居室,北卧, 11㎡ ,罗湖区-百仕达-宝龙苑,1830 元/月
合租·新秀村北区,4居室,南卧, 11㎡ ,罗湖区-新秀-新秀村北区,1630 元/月
整租·旭飞华天苑,1室1厅,南, 28㎡ ,罗湖区-清水河-旭飞华天苑,2900 元/月
合租·长丰苑,3居室,北卧, 8㎡ ,罗湖区-春风路-长丰苑,1930 元/月
整租·京基东方都会,1室1厅,东, 35㎡ ,罗湖区-新秀-京基东方都会,3800 元/月
合租·金祥都市花园,3居室,北卧, 8㎡ ,罗湖区-清水河-金祥都市花园,2260 元/月
整租·新天地名居,1室1厅,东南/南, 38㎡ ,罗湖区-黄贝岭-新天地名居,4500 元/月
合租·都市名园,4居室,东卧, 11㎡ ,罗湖区-万象城-都市名园,2290 元/月
整租·金迪名苑,1室0厅,南, 26㎡ ,罗湖区-布心-金迪名苑,2900 元/月
整租·莲塘D小区,1室0厅,南, 31㎡ ,罗湖区-莲塘-莲塘D小区,1900 元/月
整租·惠名花园,1室1厅,东, 31㎡ ,罗湖区-莲塘-惠名花园,2600 元/月
整租·雅仕居,1室0厅,东南, 21㎡ ,罗湖区-清水河-雅仕居,2200 元/月
整租·颖隆大厦,1室0厅,南, 33㎡ ,罗湖区-布心-颖隆大厦,2800 元/月
合租·都市名园,3居室,西北卧, 10㎡ ,罗湖区-万象城-都市名园,2430 元/月
整租·旭飞华天苑,1室0厅,南, 21㎡ ,罗湖区-清水河-旭飞华天苑,1800 元/月
合租·都市名园,4居室,北卧, 8㎡ ,罗湖区-万象城-都市名园,2260 元/月
整租·惠名花园,1室1厅,南, 47㎡ ,罗湖区-莲塘-惠名花园,2500 元/月
整租·碧湖花园,1室0厅,东南, 20㎡ ,罗湖区-洪湖-碧湖花园,3000 元/月
整租·合正锦湖魅力城,1室0厅,东南, 34㎡ ,罗湖区-洪湖-合正锦湖魅力城,4300 元/月
整租·松泉公寓,1室0厅,南, 31㎡ ,罗湖区-布心-松泉公寓,2800 元/月
整租·鹏基公寓,1室0厅,南, 30㎡ ,罗湖区-莲塘-鹏基公寓,2200 元/月
整租·怡泰大厦,1室1厅,东南, 36㎡ ,罗湖区-黄贝岭-怡泰大厦,3000 元/月
整租·东门168,1室0厅,南, 23㎡ ,罗湖区-螺岭-东门168,2600 元/月
合租·港逸豪庭,4居室,东卧, 6㎡ ,罗湖区-罗湖口岸-港逸豪庭,1660 元/月
整租·金迪名苑,1室0厅,南, 26㎡ ,罗湖区-布心-金迪名苑,3000 元/月
合租·港莲二村,3居室,南卧, 12㎡ ,罗湖区-莲塘-港莲二村,1630 元/月
整租·旭飞华天苑,1室1厅,南, 26㎡ ,罗湖区-清水河-旭飞华天苑,2300 元/月
合租·东安花园,4居室,西卧, 12㎡ ,罗湖区-百仕达-东安花园,1990 元/月
整租·怡泰大厦,1室0厅,南, 29㎡ ,罗湖区-黄贝岭-怡泰大厦,3000 元/月
合租·名骏豪庭,3居室,南卧, 9㎡ ,罗湖区-莲塘-名骏豪庭,1990 元/月
合租·翠苑住宅小区,4居室,南卧, 12㎡ ,罗湖区-百仕达-翠苑住宅小区,1730 元/月
合租·英达花园,5居室,西卧, 8㎡ ,罗湖区-布心-英达花园,1890 元/月
整租·梧桐山新居,2室1厅,西南, 76㎡ ,罗湖区-莲塘-梧桐山新居,4500 元/月
合租·经典家园,4居室,南卧, 6㎡ ,罗湖区-地王-经典家园,2290 元/月
整租·德兴大厦,2室1厅,东南, 38㎡ ,罗湖区-罗湖口岸-德兴大厦,4200 元/月
合租·金祥都市花园,4居室,西卧, 8㎡ ,罗湖区-清水河-金祥都市花园,2060 元/月
整租·翡翠园,1室1厅,南, 43㎡ ,罗湖区-布心-翡翠园,3200 元/月
合租·邮电大院,4居室,北卧, 7㎡ ,罗湖区-洪湖-邮电大院,1760 元/月
整租·阳光新干线家园,1室1厅,西南, 39㎡ ,罗湖区-春风路-阳光新干线家园,4500 元/月
整租·蓝馨苑,1室0厅,北, 27㎡ ,罗湖区-黄贝岭-蓝馨苑,3200 元/月
整租·长丰苑,2室1厅,南, 60㎡ ,罗湖区-春风路-长丰苑,4500 元/月
整租·松泉公寓,3室1厅,东南/南, 67㎡ ,罗湖区-布心-松泉公寓,4200 元/月
整租·金丽豪苑,1室1厅,东南, 54㎡ ,罗湖区-翠竹-金丽豪苑,4500 元/月
合租·雍翠华府,3居室,南卧, 7㎡ ,罗湖区-布心-雍翠华府,1890 元/月
整租·金城华庭,1室1厅,北, 36㎡ ,罗湖区-螺岭-金城华庭,4000 元/月
合租·集浩花园,4居室,南卧, 8㎡ ,罗湖区-黄贝岭-集浩花园,1690 元/月
整租·仙湖枫景家园,2室1厅,北, 38㎡ ,罗湖区-莲塘-仙湖枫景家园,4500 元/月
整租·怡泰大厦,1室1厅,东南, 35㎡ ,罗湖区-黄贝岭-怡泰大厦,3200 元/月
整租·祥福雅居,1室1厅,北, 38㎡ ,罗湖区-笋岗-祥福雅居,4200 元/月
整租·都心名苑,1室1厅,东, 41㎡ ,罗湖区-螺岭-都心名苑,4500 元/月
整租·梧桐山新居,2室2厅,南, 64㎡ ,罗湖区-莲塘-梧桐山新居,4200 元/月
整租·TCL雅馨居,1室0厅,北, 28㎡ ,罗湖区-地王-TCL雅馨居,3700 元/月
整租·电影大厦,1室0厅,西南, 38㎡ ,罗湖区-地王-电影大厦,3500 元/月
合租·洪湖二街6号大院,4居室,北卧, 12㎡ ,罗湖区-洪湖-洪湖二街6号大院,1660 元/月
整租·都心名苑,1室1厅,南, 40㎡ ,罗湖区-螺岭-都心名苑,4200 元/月
合租·金城华庭,3居室,北卧, 12㎡ ,罗湖区-螺岭-金城华庭,2230 元/月
整租·东门金座,1室1厅,南/西南, 34㎡ ,罗湖区-东门-东门金座,3700 元/月
合租·红岗西村,3居室,北卧, 12㎡ ,罗湖区-银湖-红岗西村,1890 元/月
整租·阳光绿地家园,1室1厅,西南, 40㎡ ,罗湖区-百仕达-阳光绿地家园,3900 元/月
合租·红群楼,5居室,南卧, 14㎡ ,罗湖区-地王-红群楼,1990 元/月
合租·合正锦湖魅力城,4居室,东卧, 7㎡ ,罗湖区-洪湖-合正锦湖魅力城,1890 元/月
合租·桃花园,3居室,南卧, 15㎡ ,罗湖区-笋岗-桃花园,2490 元/月
整租·翠华花园,2室1厅,南, 65㎡ ,罗湖区-黄贝岭-翠华花园,4500 元/月
合租·外运宿舍大院,3居室,东北卧, 9㎡ ,罗湖区-地王-外运宿舍大院,2090 元/月
整租·一致春晓苑,3室2厅,南/北, 73㎡ ,罗湖区-布心-一致春晓苑,4000 元/月
合租·雍翠华府,4居室,西卧, 9㎡ ,罗湖区-布心-雍翠华府,2030 元/月
整租·时尚新居,1室1厅,东, 36㎡ ,罗湖区-笋岗-时尚新居,3500 元/月
合租·维富大厦,5居室,东卧, 9㎡ ,罗湖区-布心-维富大厦,2260 元/月
整租·颖隆大厦,2室1厅,南, 52㎡ ,罗湖区-布心-颖隆大厦,4000 元/月
整租·庐山花园,2室1厅,东南/南, 58㎡ ,罗湖区-罗湖口岸-庐山花园,4500 元/月
整租·京基东方华都,1室0厅,东北, 32㎡ ,罗湖区-螺岭-京基东方华都,3600 元/月
整租·景贝南小区,2室1厅,北, 74㎡ ,罗湖区-黄贝岭-景贝南小区,4300 元/月
整租·鹏公馆,1室0厅,南/北, 38㎡ ,罗湖区-翠竹-鹏公馆,4500 元/月
合租·布心花园一区,4居室,南卧, 9㎡ ,罗湖区-布心-布心花园一区,1660 元/月
整租·海珑华苑,1室0厅,东, 45㎡ ,罗湖区-螺岭-海珑华苑,3800 元/月
合租·景贝南小区,4居室,南卧, 11㎡ ,罗湖区-黄贝岭-景贝南小区,1890 元/月
整租·天越翔园,1室2厅,南, 46㎡ ,罗湖区-莲塘-天越翔园,3800 元/月
整租·长丰苑,1室0厅,东南, 39㎡ ,罗湖区-春风路-长丰苑,4300 元/月
整租·海洋大厦,1室0厅,东南, 45㎡ ,罗湖区-黄贝岭-海洋大厦,4000 元/月
整租·京基东方华都,1室1厅,东, 42㎡ ,罗湖区-螺岭-京基东方华都,4300 元/月
整租·东门168,1室0厅,东, 30㎡ ,罗湖区-螺岭-东门168,2900 元/月
整租·名仕时装批发商城,1室0厅,东, 13㎡ ,罗湖区-东门-名仕时装批发商城,4000 元/月
整租·京基东方华都,1室1厅,东南/南, 42㎡ ,罗湖区-螺岭-京基东方华都,4400 元/月
合租·东乐花园,4居室,南卧, 7㎡ ,罗湖区-百仕达-东乐花园,1660 元/月
整租·金园花园,1室1厅,西, 38㎡ ,罗湖区-地王-金园花园,3900 元/月
合租·公路局大院,4居室,南卧, 16㎡ ,罗湖区-翠竹-公路局大院,1990 元/月
整租·东港中心,1室1厅,东, 27㎡ ,罗湖区-东门-东港中心,4300 元/月
合租·洪湖花园,4居室,西北卧, 10㎡ ,罗湖区-洪湖-洪湖花园,1890 元/月
整租·东港中心,1室1厅,东, 27㎡ ,罗湖区-东门-东港中心,4300 元/月
合租·翠华花园,4居室,西卧, 9㎡ ,罗湖区-黄贝岭-翠华花园,1890 元/月
合租·华丽西村,4居室,南卧, 9㎡ ,罗湖区-螺岭-华丽西村,1690 元/月
合租·松园南十巷,4居室,西卧, 10㎡ ,罗湖区-地王-松园南十巷,1730 元/月
整租·翠榕花园,3室1厅,西, 78㎡ ,罗湖区-莲塘-翠榕花园,4500 元/月
整租·仙湖枫景家园,1室1厅,北, 40㎡ ,罗湖区-莲塘-仙湖枫景家园,3430 元/月
整租·聚龙大厦,1室1厅,南, 40㎡ ,罗湖区-螺岭-聚龙大厦,4000 元/月
整租·幸福华府,1室1厅,南, 45㎡ ,罗湖区-地王-幸福华府,4200 元/月
整租·南方证券大厦,1室0厅,东南, 65㎡ ,罗湖区-春风路-南方证券大厦,4300 元/月
整租·京基东方都会,1室1厅,西, 36㎡ ,罗湖区-新秀-京基东方都会,3860 元/月
整租·联城美园,1室1厅,北, 36㎡ ,罗湖区-春风路-联城美园,4000 元/月
整租·京基东方华都,1室1厅,南, 42㎡ ,罗湖区-螺岭-京基东方华都,4300 元/月
整租·怡泰大厦,1室2厅,东, 68㎡ ,罗湖区-黄贝岭-怡泰大厦,4000 元/月
整租·东门天下,1室0厅,南, 35㎡ ,罗湖区-东门-东门天下,3400 元/月
整租·金城华庭,1室1厅,东南, 39㎡ ,罗湖区-螺岭-金城华庭,4300 元/月
整租·星桂园,1室1厅,北, 24㎡ ,罗湖区-地王-星桂园,3630 元/月
整租·汇泰大厦,1室0厅,北, 33㎡ ,罗湖区-罗湖口岸-汇泰大厦,4300 元/月
整租·海珑华苑,1室1厅,东, 40㎡ ,罗湖区-螺岭-海珑华苑,4230 元/月
整租·东方凤雅台,2室1厅,东, 62㎡ ,罗湖区-莲塘-东方凤雅台,4500 元/月
整租·都心名苑,1室0厅,南, 36㎡ ,罗湖区-螺岭-都心名苑,3600 元/月
整租·鹏城花园,3室1厅,南, 81㎡ ,罗湖区-布心-鹏城花园,4500 元/月
整租·东方凤雅台,2室1厅,南, 60㎡ ,罗湖区-莲塘-东方凤雅台,4500 元/月
整租·怡泰大厦,1室1厅,复式, 36㎡ ,罗湖区-黄贝岭-怡泰大厦,3900 元/月
整租·怡泰大厦,1室1厅,南, 39㎡ ,罗湖区-黄贝岭-怡泰大厦,3800 元/月
整租·京基东方华都,1室0厅,南, 32㎡ ,罗湖区-螺岭-京基东方华都,3500 元/月
整租·新天地名居,1室1厅,北, 39㎡ ,罗湖区-黄贝岭-新天地名居,4290 元/月
整租·红岗花园,2室1厅,南, 50㎡ ,罗湖区-清水河-红岗花园,3500 元/月
整租·港澳8号,1室1厅,东南, 42㎡ ,罗湖区-东门-港澳8号,4200 元/月
整租·朗钜御风庭,1室0厅,东南, 33㎡ ,罗湖区-黄贝岭-朗钜御风庭,3800 元/月
整租·置地逸轩,1室1厅,北, 30㎡ ,罗湖区-春风路-置地逸轩,4200 元/月
整租·怡泰大厦,1室1厅,东南, 60㎡ ,罗湖区-黄贝岭-怡泰大厦,4300 元/月
整租·田贝花园,1室1厅,东, 43㎡ ,罗湖区-洪湖-田贝花园,3600 元/月
整租·京基东方华都,1室1厅,南, 32㎡ ,罗湖区-螺岭-京基东方华都,4060 元/月
整租·缤纷时代家园,1室1厅,西, 28㎡ ,罗湖区-螺岭-缤纷时代家园,3560 元/月
整租·龙园山庄,3室1厅,南, 103㎡ ,罗湖区-清水河-龙园山庄,5000 元/月
独栋·励耘国际公寓,泥岗店,舒适温馨大一房一厅, 32㎡ ,,3480 元/月
整租·凯悦华庭,2室1厅,南, 53㎡ ,罗湖区-春风路-凯悦华庭,5300 元/月
独栋·嘉寓,恺诚服务公寓,复式二卧, 83-117㎡ ,,26000-28000 元/月
整租·太白居,2室1厅,东南, 81㎡ ,罗湖区-布心-太白居,5500 元/月
整租·华讯中心,1室1厅,南, 52㎡ ,罗湖区-地王-华讯中心,5200 元/月
整租·龙园山庄,3室1厅,东南, 110㎡ ,罗湖区-清水河-龙园山庄,5500 元/月
整租·泊林花园,1室1厅,南/西南, 47㎡ ,罗湖区-翠竹-泊林花园,5500 元/月
整租·君逸华府,1室1厅,南, 46㎡ ,罗湖区-布心-君逸华府,4800 元/月
整租·置地逸轩,1室0厅,北, 31㎡ ,罗湖区-春风路-置地逸轩,4600 元/月
整租·翠竹苑,2室1厅,南/北, 51㎡ ,罗湖区-百仕达-翠竹苑,4600 元/月
独栋·湾流国际青年社区,华天店,安静温馨的艺术社区, 8㎡ ,,1700 元/月
整租·旺业豪苑,2室1厅,南, 50㎡ ,罗湖区-东门-旺业豪苑,4600 元/月
整租·幸福华府,1室0厅,西南, 41㎡ ,罗湖区-地王-幸福华府,4600 元/月
整租·华商时代公寓,2室1厅,南, 64㎡ ,罗湖区-笋岗-华商时代公寓,5000 元/月
整租·风格名苑,1室1厅,东, 48㎡ ,罗湖区-地王-风格名苑,5000 元/月
整租·金城大厦,2室1厅,西北, 46㎡ ,罗湖区-春风路-金城大厦,5000 元/月
整租·城市天地广场,1室1厅,东, 59㎡ ,罗湖区-万象城-城市天地广场,5000 元/月
整租·新秀村北区,3室1厅,东南, 64㎡ ,罗湖区-新秀-新秀村北区,4800 元/月
整租·怡泰大厦,2室1厅,东南, 58㎡ ,罗湖区-黄贝岭-怡泰大厦,5000 元/月
整租·城市天地广场,1室1厅,南, 51㎡ ,罗湖区-万象城-城市天地广场,5500 元/月
独栋·星窝青年创业公寓,新秀店,舒适宽敞采光好大一房, 45㎡ ,,3800 元/月
整租·南塘物业小区,2室1厅,南, 63㎡ ,罗湖区-东门-南塘物业小区,5200 元/月
独栋·WeWa创享域,创享家万象城店,静谧单间年签3069,21间在租 ,,3400 元/月
整租·虹桥星座大厦,2室1厅,南, 43㎡ ,罗湖区-笋岗-虹桥星座大厦,4700 元/月
独栋·乐乎城市青年社区,乐乎有朋·河滨湾畔,山水好风光,50间在租 ,,1200 元/月
整租·丹枫白露城东1号,1室0厅,东南, 55㎡ ,罗湖区-黄贝岭-丹枫白露城东1号,4800 元/月
整租·名仕阁,1室1厅,北, 53㎡ ,罗湖区-地王-名仕阁,5330 元/月
独栋·湾流国际青年社区,华天店,首月入住八折优惠, 17-18㎡ ,,2600-2700 元/月
整租·华讯中心,1室1厅,南, 55㎡ ,罗湖区-地王-华讯中心,5300 元/月
整租·怡泰大厦,2室1厅,西南, 54㎡ ,罗湖区-黄贝岭-怡泰大厦,4800 元/月
独栋·芝麻公寓,大剧院店,一室厅（独立卧室）, 50㎡ ,,5400 元/月
整租·置地逸轩,1室1厅,西, 39㎡ ,罗湖区-春风路-置地逸轩,5500 元/月
独栋·宅幸福公寓,东门店,阳台小复式, 25㎡ ,,3700 元/月
整租·城市天地广场,1室1厅,南, 58㎡ ,罗湖区-万象城-城市天地广场,5500 元/月
独栋·乐乎城市青年社区,乐乎有朋·众安居,豪华单间,8间在租 ,,1360 元/月
整租·南洋大厦,1室1厅,南, 44㎡ ,罗湖区-春风路-南洋大厦,4600 元/月
整租·旭飞华达园,2室1厅,东南, 40㎡ ,罗湖区-百仕达-旭飞华达园,4800 元/月
整租·城市天地广场,1室1厅,南, 58㎡ ,罗湖区-万象城-城市天地广场,5000 元/月
整租·莲塘花园,3室1厅,北, 93㎡ ,罗湖区-莲塘-莲塘花园,5000 元/月
整租·长丰苑,2室1厅,东南, 46㎡ ,罗湖区-春风路-长丰苑,5000 元/月
独栋·WeWa创享域,创享家东湖公园店,超值一房一厅带阳台,7间在租 ,,3800 元/月
整租·敦信大厦,2室1厅,西, 46㎡ ,罗湖区-罗湖口岸-敦信大厦,4700 元/月
整租·聚龙大厦,2室1厅,北, 56㎡ ,罗湖区-螺岭-聚龙大厦,4860 元/月
整租·绿景山庄,3室1厅,南, 94㎡ ,罗湖区-布心-绿景山庄,4800 元/月
整租·今日家园,2室1厅,复式, 69㎡ ,罗湖区-布心-今日家园,5500 元/月
整租·向西华侨新村,3室2厅,南, 92㎡ ,罗湖区-黄贝岭-向西华侨新村,5300 元/月
整租·四季御园,1室0厅,北, 50㎡ ,罗湖区-莲塘-四季御园,5000 元/月
整租·鹏兴花园一期,6室2厅,南, 170㎡ ,罗湖区-莲塘-鹏兴花园一期,5200 元/月
整租·田心庆云花园,2室1厅,南, 66㎡ ,罗湖区-笋岗-田心庆云花园,4800 元/月
整租·置地逸轩,1室0厅,南, 30㎡ ,罗湖区-春风路-置地逸轩,4600 元/月
独栋·乐乎城市青年社区,乐乎有朋·河滨湾畔,温馨小情侣,20间在租 ,,1200 元/月
整租·鹏公馆,1室0厅,南, 39㎡ ,罗湖区-翠竹-鹏公馆,4600 元/月
整租·鹏公馆,2室1厅,东南/南, 41㎡ ,罗湖区-翠竹-鹏公馆,5500 元/月
整租·蛟湖路,2室2厅,南, 75㎡ ,罗湖区-东门-蛟湖路,5500 元/月
独栋·八号季,洪湖店,迎新特惠，首月八折,16间在租 ,,2980-3680 元/月
整租·名骏豪庭,3室2厅,北, 85㎡ ,罗湖区-莲塘-名骏豪庭,5000 元/月
独栋·碧家国际社区,东门店,蓝色海洋风,19间在租 ,,3980-4030 元/月
独栋·平台认证机构,CK尚寓,网红星级公寓,10间在租 ,,5100 元/月
独栋·深寓国际社区,园岭店,日系风榻榻米, 45㎡ ,,4366 元/月
整租·怡泰大厦,1室1厅,东南, 28㎡ ,罗湖区-黄贝岭-怡泰大厦,3000 元/月
合租·桂花大厦,4居室,北卧, 7㎡ ,罗湖区-地王-桂花大厦,2030 元/月
整租·华达园公寓,1室0厅,东南, 28㎡ ,罗湖区-百仕达-华达园公寓,3000 元/月
合租·嘉宝田花园,3居室,西卧, 12㎡ ,罗湖区-笋岗-嘉宝田花园,2530 元/月
整租·国际名园,1室0厅,东, 24㎡ ,罗湖区-春风路-国际名园,2900 元/月
合租·泰和花园,4居室,北卧, 13㎡ ,罗湖区-布心-泰和花园,2030 元/月
整租·旭飞华达园,1室0厅,西, 26㎡ ,罗湖区-百仕达-旭飞华达园,3000 元/月
整租·雅仕居,1室0厅,西南, 22㎡ ,罗湖区-清水河-雅仕居,2300 元/月
整租·旭飞华天苑,1室0厅,东南/南, 18㎡ ,罗湖区-清水河-旭飞华天苑,1900 元/月
整租·雅仕居,1室0厅,北, 21㎡ ,罗湖区-清水河-雅仕居,2300 元/月
整租·雅仕居,1室0厅,东, 21㎡ ,罗湖区-清水河-雅仕居,2400 元/月
合租·富达花园,4居室,东卧, 15㎡ ,罗湖区-莲塘-富达花园,1790 元/月
整租·怡泰大厦,1室1厅,东南, 21㎡ ,罗湖区-黄贝岭-怡泰大厦,3000 元/月
合租·锦上花家园,3居室,西卧, 7㎡ ,罗湖区-黄贝岭-锦上花家园,1930 元/月
整租·金盾花园,1室0厅,西北, 27㎡ ,罗湖区-螺岭-金盾花园,3000 元/月
整租·雅仕居,1室0厅,东南, 21㎡ ,罗湖区-清水河-雅仕居,2300 元/月
整租·名骏豪庭,1室1厅,南, 43㎡ ,罗湖区-莲塘-名骏豪庭,4000 元/月
整租·鹏基公寓,1室0厅,西南/西北, 30㎡ ,罗湖区-莲塘-鹏基公寓,1800 元/月
整租·鹏基公寓,1室0厅,北, 31㎡ ,罗湖区-莲塘-鹏基公寓,1800 元/月
整租·莲塘D小区,1室0厅,南, 31㎡ ,罗湖区-莲塘-莲塘D小区,1900 元/月
整租·景贝南小区,1室0厅,南, 5㎡ ,罗湖区-黄贝岭-景贝南小区,2000 元/月
合租·新秀村北区,4居室,南卧, 17㎡ ,罗湖区-新秀-新秀村北区,1760 元/月
整租·国际名园,1室0厅,东, 23㎡ ,罗湖区-春风路-国际名园,2800 元/月
合租·大塘垅小区,4居室,南卧, 9㎡ ,罗湖区-地王-大塘垅小区,1890 元/月
整租·贝丽花园,1室0厅,南, 30㎡ ,罗湖区-翠竹-贝丽花园,2500 元/月
合租·华丽东村,4居室,北卧, 13㎡ ,罗湖区-黄贝岭-华丽东村,1830 元/月
整租·旭飞华天苑,1室0厅,南, 21㎡ ,罗湖区-清水河-旭飞华天苑,2000 元/月
合租·华丽东村,4居室,北卧, 11㎡ ,罗湖区-黄贝岭-华丽东村,1890 元/月
合租·翠竹苑,3居室,南卧, 12㎡ ,罗湖区-百仕达-翠竹苑,1800 元/月
合租·新秀村南区,3居室,南卧, 11㎡ ,罗湖区-新秀-新秀村南区,1860 元/月
整租·东门天下,1室0厅,南, 35㎡ ,罗湖区-东门-东门天下,3500 元/月
整租·TCL雅馨居,1室1厅,北, 32㎡ ,罗湖区-地王-TCL雅馨居,3930 元/月
整租·凯悦华庭,1室1厅,东南, 35㎡ ,罗湖区-春风路-凯悦华庭,4000 元/月
整租·幸福华府,1室0厅,西, 42㎡ ,罗湖区-地王-幸福华府,4100 元/月
整租·乐华楼,3室1厅,东南, 62㎡ ,罗湖区-莲塘-乐华楼,3600 元/月
整租·ONE,39,1室0厅, 47㎡ ,罗湖区-地王-ONE-39,4260 元/月
整租·仙湖枫景家园,1室1厅,东, 37㎡ ,罗湖区-莲塘-仙湖枫景家园,3500 元/月
整租·金城华庭,1室1厅,西, 38㎡ ,罗湖区-螺岭-金城华庭,4200 元/月
整租·南方证券大厦,1室0厅,西南, 43㎡ ,罗湖区-春风路-南方证券大厦,3800 元/月
整租·怡泰大厦,1室1厅,南, 57㎡ ,罗湖区-黄贝岭-怡泰大厦,4200 元/月
整租·东港中心,1室1厅,东, 27㎡ ,罗湖区-东门-东港中心,4300 元/月
整租·名都大厦,1室1厅,东, 33㎡ ,罗湖区-螺岭-名都大厦,3330 元/月
整租·港澳8号,1室1厅,东南, 48㎡ ,罗湖区-东门-港澳8号,4500 元/月
合租·都市名园,4居室,北卧, 9㎡ ,罗湖区-万象城-都市名园,3060 元/月
整租·怡泰大厦,1室1厅,南, 29㎡ ,罗湖区-黄贝岭-怡泰大厦,4500 元/月
整租·金丽豪苑,1室1厅,南/北, 40㎡ ,罗湖区-翠竹-金丽豪苑,4300 元/月
整租·愉天小区,1室1厅,北, 35㎡ ,罗湖区-翠竹-愉天小区,3300 元/月
整租·祥福雅居,1室0厅,东, 31㎡ ,罗湖区-笋岗-祥福雅居,3200 元/月
整租·旭飞华天苑,2室1厅,南/西北, 53㎡ ,罗湖区-清水河-旭飞华天苑,4200 元/月
整租·大地花园,1室1厅,西, 49㎡ ,罗湖区-布心-大地花园,3900 元/月
整租·深城公寓,1室1厅,南, 52㎡ ,罗湖区-笋岗-深城公寓,4300 元/月
整租·ONE,39,1室0厅, 46㎡ ,罗湖区-地王-ONE-39,3832 元/月
整租·合正锦湖魅力城,1室1厅,东南, 39㎡ ,罗湖区-洪湖-合正锦湖魅力城,4200 元/月
整租·国际名园,1室1厅,西, 24㎡ ,罗湖区-春风路-国际名园,3390 元/月
整租·京基东方都会,1室1厅,东南, 35㎡ ,罗湖区-新秀-京基东方都会,4000 元/月
整租·颖隆大厦,1室1厅,东, 34㎡ ,罗湖区-布心-颖隆大厦,3130 元/月
整租·汇泰大厦,1室1厅,北, 33㎡ ,罗湖区-罗湖口岸-汇泰大厦,4200 元/月
整租·ONE,39,1室0厅, 47㎡ ,罗湖区-地王-ONE-39,4260 元/月
整租·颖隆大厦,1室1厅,北, 37㎡ ,罗湖区-布心-颖隆大厦,3190 元/月
整租·金迪名苑,1室1厅,北, 26㎡ ,罗湖区-布心-金迪名苑,3360 元/月
整租·祥和花园,2室1厅,东南, 73㎡ ,罗湖区-莲塘-祥和花园,5000 元/月
独栋·窝趣轻社区,窝趣大望轻社区,签半年送半月,20间在租 ,,1800-2180 元/月
整租·锦秀新村,2室1厅,北, 65㎡ ,罗湖区-新秀-锦秀新村,5500 元/月
独栋·宅幸福公寓,东门店,湖景小复式, 30-40㎡ ,,3900-4300 元/月
整租·源兴居,2室1厅,东南, 53㎡ ,罗湖区-洪湖-源兴居,5500 元/月
独栋·瑞驰公寓,东门晒布店,罗湖大厦电梯房,8间在租 ,,3500-3780 元/月
整租·城市天地广场,1室1厅,南, 52㎡ ,罗湖区-万象城-城市天地广场,5000 元/月
整租·西湖大厦,1室1厅,东/西, 62㎡ ,罗湖区-地王-西湖大厦,4800 元/月
整租·友谊大厦,2室1厅,北, 42㎡ ,罗湖区-春风路-友谊大厦,5000 元/月
整租·丹枫白露城东1号,1室0厅,东南/南, 55㎡ ,罗湖区-黄贝岭-丹枫白露城东1号,4700 元/月
整租·合正锦园,2室1厅,南, 77㎡ ,罗湖区-莲塘-合正锦园,5500 元/月
整租·双城世纪,1室1厅,北, 32㎡ ,罗湖区-罗湖口岸-双城世纪,4530 元/月
整租·翠园十六巷,2室1厅,南, 63㎡ ,罗湖区-螺岭-翠园十六巷,5000 元/月
整租·星桂园,1室1厅,东, 37㎡ ,罗湖区-地王-星桂园,4890 元/月
整租·汇商名苑,2室1厅,南, 55㎡ ,罗湖区-东门-汇商名苑,5500 元/月
整租·风格名苑,1室1厅,西北, 48㎡ ,罗湖区-地王-风格名苑,5300 元/月
整租·翡翠公寓,2室1厅,南, 43㎡ ,罗湖区-翠竹-翡翠公寓,4800 元/月
整租·置地逸轩,1室1厅,北, 39㎡ ,罗湖区-春风路-置地逸轩,5500 元/月
整租·凯悦华庭,2室1厅,西南, 53㎡ ,罗湖区-春风路-凯悦华庭,5500 元/月
整租·阳光天地家园,1室1厅,南, 39㎡ ,罗湖区-翠竹-阳光天地家园,5000 元/月
整租·比华利山庄,4室3厅,南, 141㎡ ,罗湖区-布心-比华利山庄,5500 元/月
独栋·平台认证机构,CK尚寓,清新小居家,6间在租 ,,5600 元/月
整租·凤凰印象,1室1厅,南, 41㎡ ,罗湖区-螺岭-凤凰印象,4800 元/月
独栋·湾流国际青年社区,华天店,原生裸心风, 18㎡ ,,3200 元/月
整租·布心花园一区,3室1厅,东南/西北, 90㎡ ,罗湖区-布心-布心花园一区,5000 元/月
整租·华讯中心,1室1厅,北, 51㎡ ,罗湖区-地王-华讯中心,4900 元/月
整租·城市天地广场,1室1厅,北, 58㎡ ,罗湖区-万象城-城市天地广场,5200 元/月
独栋·宅幸福公寓,东门店,湖景复式房, 65㎡ ,,5800 元/月
整租·华讯中心,1室1厅,南, 51㎡ ,罗湖区-地王-华讯中心,4900 元/月
独栋·艾特公寓,罗湖店,宽敞1房1厅, 48㎡ ,,4500 元/月
整租·鹏莲花园,3室1厅,南, 87㎡ ,罗湖区-莲塘-鹏莲花园,3800 元/月
合租·桂园,4居室,南卧, 12㎡ ,罗湖区-地王-桂园,2360 元/月
整租·京基东方华都,1室1厅,东南, 39㎡ ,罗湖区-螺岭-京基东方华都,4200 元/月
整租·田贝花园,1室0厅,东, 20㎡ ,罗湖区-洪湖-田贝花园,2500 元/月
整租·钻石时代,1室0厅,南, 27㎡ ,罗湖区-春风路-钻石时代,3300 元/月
合租·布心花园一区,4居室,北卧, 10㎡ ,罗湖区-布心-布心花园一区,1760 元/月
整租·旺业豪苑,1室1厅,东南, 41㎡ ,罗湖区-东门-旺业豪苑,4200 元/月
整租·教育新村,2室1厅,南, 76㎡ ,罗湖区-黄贝岭-教育新村,4500 元/月
整租·港澳8号,1室1厅,南, 43㎡ ,罗湖区-东门-港澳8号,4500 元/月
整租·风格名苑,1室0厅,东, 31㎡ ,罗湖区-地王-风格名苑,3800 元/月
整租·深城公寓,2室1厅,南, 52㎡ ,罗湖区-笋岗-深城公寓,4200 元/月
整租·深业东岭,1室0厅,南, 34㎡ ,罗湖区-黄贝岭-深业东岭,3800 元/月
整租·布心花园一区,2室1厅,南/北, 79㎡ ,罗湖区-布心-布心花园一区,4500 元/月
合租·名都大厦,3居室,东北卧, 11㎡ ,罗湖区-螺岭-名都大厦,1930 元/月
整租·东方凤雅台,2室1厅,南, 60㎡ ,罗湖区-莲塘-东方凤雅台,4300 元/月
整租·华达园公寓,1室1厅,东南, 41㎡ ,罗湖区-百仕达-华达园公寓,4500 元/月
整租·旭飞华达园,1室1厅,南, 36㎡ ,罗湖区-百仕达-旭飞华达园,3700 元/月
整租·华隆园,1室1厅,南, 42㎡ ,罗湖区-螺岭-华隆园,4000 元/月
整租·名仕阁,1室0厅,东南, 40㎡ ,罗湖区-地王-名仕阁,4500 元/月
整租·友谊大厦,2室1厅,东南, 41㎡ ,罗湖区-春风路-友谊大厦,4500 元/月
整租·旺业豪苑,2室1厅,西, 52㎡ ,罗湖区-东门-旺业豪苑,4500 元/月
合租·都市名园,4居室,北卧, 8㎡ ,罗湖区-万象城-都市名园,2160 元/月
整租·电影大厦,1室0厅,西南, 38㎡ ,罗湖区-地王-电影大厦,3400 元/月
合租·大塘垅小区,4居室,北卧, 8㎡ ,罗湖区-地王-大塘垅小区,1790 元/月
整租·京基东方华都,1室1厅,东, 40㎡ ,罗湖区-螺岭-京基东方华都,4400 元/月
合租·翠苑住宅小区,3居室,南卧, 8㎡ ,罗湖区-百仕达-翠苑住宅小区,1630 元/月
整租·怡泰大厦,1室1厅,复式, 31㎡ ,罗湖区-黄贝岭-怡泰大厦,4000 元/月
合租·名都大厦,4居室,东卧, 11㎡ ,罗湖区-螺岭-名都大厦,1990 元/月
合租·和平大厦,3居室,西南卧, 10㎡ ,罗湖区-万象城-和平大厦,2280 元/月
合租·松泉山庄,4居室,南卧, 11㎡ ,罗湖区-布心-松泉山庄,2260 元/月
整租·翠榕花园,3室2厅,南, 76㎡ ,罗湖区-莲塘-翠榕花园,4500 元/月
整租·翡翠公寓,2室1厅,东南, 33㎡ ,罗湖区-翠竹-翡翠公寓,4400 元/月
整租·怡泰大厦,0室0厅,复式, 35㎡ ,罗湖区-黄贝岭-怡泰大厦,3300 元/月
整租·幸福华府,1室1厅,东南, 46㎡ ,罗湖区-地王-幸福华府,3900 元/月
整租·金丽豪苑,2室1厅,南, 42㎡ ,罗湖区-翠竹-金丽豪苑,4000 元/月
整租·田贝新村,2室1厅,东, 63㎡ ,罗湖区-洪湖-田贝新村,3600 元/月
整租·鸿翔花园,1室0厅,北, 35㎡ ,罗湖区-地王-鸿翔花园,4500 元/月
整租·华达园公寓,1室1厅,西北, 42㎡ ,罗湖区-百仕达-华达园公寓,4000 元/月
整租·金丽豪苑,1室1厅,东, 44㎡ ,罗湖区-翠竹-金丽豪苑,4000 元/月
整租·都心名苑,1室1厅,南, 40㎡ ,罗湖区-螺岭-都心名苑,4300 元/月
整租·钻石时代,1室0厅,南, 27㎡ ,罗湖区-春风路-钻石时代,3600 元/月
整租·田贝新村,2室1厅,东/东南, 65㎡ ,罗湖区-洪湖-田贝新村,3500 元/月
整租·金城华庭,1室1厅,西, 39㎡ ,罗湖区-螺岭-金城华庭,4100 元/月
整租·田贝花园,1室1厅,东南, 45㎡ ,罗湖区-洪湖-田贝花园,3500 元/月
整租·广西外贸住宅小区,1室1厅,南, 40㎡ ,罗湖区-春风路-广西外贸住宅小区,4500 元/月
整租·都心名苑,1室0厅,南, 36㎡ ,罗湖区-螺岭-都心名苑,3600 元/月
整租·铂金时代罗湖,1室1厅,东南, 35㎡ ,罗湖区-罗湖口岸-铂金时代罗湖,4500 元/月
整租·东门天下,1室1厅,南, 47㎡ ,罗湖区-东门-东门天下,4500 元/月
整租·东港中心,1室1厅,南, 24㎡ ,罗湖区-东门-东港中心,3500 元/月
整租·京基东方都会,1室1厅,西, 36㎡ ,罗湖区-新秀-京基东方都会,4000 元/月
整租·大地花园,1室1厅,南, 50㎡ ,罗湖区-布心-大地花园,3800 元/月
整租·星湖花园,1室1厅,北, 38㎡ ,罗湖区-银湖-星湖花园,3890 元/月
整租·蓝馨苑,1室0厅,南, 28㎡ ,罗湖区-黄贝岭-蓝馨苑,3200 元/月
整租·田贝新村,2室1厅,东, 65㎡ ,罗湖区-洪湖-田贝新村,3500 元/月
整租·海关草埔生活区,2室1厅,南, 77㎡ ,罗湖区-布心-海关草埔生活区,4300 元/月
整租·罗湖金岸大厦,1室0厅,西南, 30㎡ ,罗湖区-罗湖口岸-罗湖金岸大厦,3500 元/月
整租·洪湖大厦,1室0厅,南, 37㎡ ,罗湖区-东门-洪湖大厦,3600 元/月
整租·置地逸轩,1室1厅,南, 22㎡ ,罗湖区-春风路-置地逸轩,4000 元/月
整租·ONE,39,1室1厅, 30㎡ ,罗湖区-地王-ONE-39,3600 元/月
整租·置地逸轩,1室1厅,西南, 25㎡ ,罗湖区-春风路-置地逸轩,4200 元/月
整租·置地逸轩,1室1厅,东南, 39㎡ ,罗湖区-春风路-置地逸轩,5100 元/月
独栋·嘉寓,恺诚服务公寓,复式三卧, 130-143㎡ ,,30000 元/月
整租·雍翠华府,2室1厅,北, 62㎡ ,罗湖区-布心-雍翠华府,5500 元/月
独栋·平台认证机构,CK尚寓,精致欧式一房一厅, 38㎡ ,,5100 元/月
整租·龙园山庄,2室1厅,西北, 64㎡ ,罗湖区-清水河-龙园山庄,5000 元/月
整租·华讯中心,1室0厅,东, 57㎡ ,罗湖区-地王-华讯中心,4800 元/月
整租·书院街5号大院,1室2厅,南, 78㎡ ,罗湖区-东门-书院街5号大院,5000 元/月
整租·城市天地广场,1室1厅,北, 43㎡ ,罗湖区-万象城-城市天地广场,4800 元/月
整租·环岛丽园,1室1厅,北, 37㎡ ,罗湖区-螺岭-环岛丽园,4600 元/月
整租·翡翠公寓,2室1厅,南, 33㎡ ,罗湖区-翠竹-翡翠公寓,5000 元/月
整租·雍翠华府,2室1厅,南, 51㎡ ,罗湖区-布心-雍翠华府,5500 元/月
独栋·窝趣轻社区,黄贝岭店,帮你省钱，择好房,36间在租 ,,2380-3100 元/月
整租·蛟湖路,2室2厅,东南, 70㎡ ,罗湖区-东门-蛟湖路,5300 元/月
独栋·魔方公寓,深圳国贸店,押一付一/可长短租H,10间在租 ,,3500-4500 元/月
整租·田苑小区,2室1厅,北, 70㎡ ,罗湖区-翠竹-田苑小区,5500 元/月
整租·万科深南道68號,1室1厅,东南, 52㎡ ,罗湖区-春风路-万科深南道68號,5300 元/月
整租·万事达名苑,1室1厅,北, 48㎡ ,罗湖区-百仕达-万事达名苑,4900 元/月
整租·泊林花园,1室1厅,西南/西, 46㎡ ,罗湖区-翠竹-泊林花园,5000 元/月
整租·东门天下,2室1厅,南, 57㎡ ,罗湖区-东门-东门天下,5500 元/月
整租·东港中心,1室1厅,东南, 38㎡ ,罗湖区-东门-东港中心,4800 元/月
整租·京基一百大厦,1室1厅,西, 45㎡ ,罗湖区-地王-京基一百大厦,5500 元/月
独栋·窝趣轻社区,窝趣大望轻社区,一个月起租拎包入住,15间在租 ,,1800-2500 元/月
整租·京基一百大厦,1室0厅,南, 34㎡ ,罗湖区-地王-京基一百大厦,4700 元/月
整租·华讯中心,1室1厅,东, 55㎡ ,罗湖区-地王-华讯中心,4800 元/月
整租·缤纷时代家园,2室1厅,东南, 37㎡ ,罗湖区-螺岭-缤纷时代家园,5500 元/月
整租·华讯中心,1室1厅,南, 55㎡ ,罗湖区-地王-华讯中心,5300 元/月
整租·富达花园,3室1厅,东, 83㎡ ,罗湖区-莲塘-富达花园,4600 元/月
整租·旺业豪苑,2室1厅,西, 50㎡ ,罗湖区-东门-旺业豪苑,4390 元/月
独栋·湾流国际青年社区,华天店,专属女生小巧公寓, 15㎡ ,,2200 元/月
整租·新世界鹿茵翠地,2室2厅,南, 78㎡ ,罗湖区-莲塘-新世界鹿茵翠地,5200 元/月
整租·阳光绿地家园,1室1厅,南, 38㎡ ,罗湖区-百仕达-阳光绿地家园,3900 元/月
合租·东乐花园,3居室,东卧, 7㎡ ,罗湖区-百仕达-东乐花园,1790 元/月
整租·罗湖大厦,3室1厅,南, 56㎡ ,罗湖区-春风路-罗湖大厦,4500 元/月
合租·龙园山庄,4居室,南卧, 16㎡ ,罗湖区-清水河-龙园山庄,1730 元/月
整租·阳光绿地家园,1室1厅,南, 39㎡ ,罗湖区-百仕达-阳光绿地家园,3700 元/月
合租·翠竹苑,4居室,南卧, 15㎡ ,罗湖区-百仕达-翠竹苑,1730 元/月
整租·鹏公馆,1室0厅,西南/西, 37㎡ ,罗湖区-翠竹-鹏公馆,4300 元/月
整租·玉雅居,3室1厅,东, 78㎡ ,罗湖区-莲塘-玉雅居,4500 元/月
整租·大地花园,1室1厅,北, 49㎡ ,罗湖区-布心-大地花园,4100 元/月
整租·畔山花园,2室1厅,南/北, 78㎡ ,罗湖区-莲塘-畔山花园,4200 元/月
整租·鹏兴花园二期,2室1厅,南, 61㎡ ,罗湖区-莲塘-鹏兴花园二期,4400 元/月
合租·名骏豪庭,3居室,南卧, 12㎡ ,罗湖区-莲塘-名骏豪庭,1890 元/月
整租·培峰苑,1室0厅,南, 36㎡ ,罗湖区-布心-培峰苑,4400 元/月
合租·东乐花园,3居室,北卧, 12㎡ ,罗湖区-百仕达-东乐花园,1890 元/月
整租·旭飞华达园,1室1厅,东北, 40㎡ ,罗湖区-百仕达-旭飞华达园,4200 元/月
整租·旭飞华达园,1室1厅,西, 39㎡ ,罗湖区-百仕达-旭飞华达园,4000 元/月
整租·怡泰大厦,1室1厅,南, 38㎡ ,罗湖区-黄贝岭-怡泰大厦,4000 元/月
整租·君逸华府,1室1厅,南, 45㎡ ,罗湖区-布心-君逸华府,4000 元/月
整租·祥福雅居,1室1厅,东南, 38㎡ ,罗湖区-笋岗-祥福雅居,3800 元/月
整租·怡泰大厦,1室1厅,南, 32㎡ ,罗湖区-黄贝岭-怡泰大厦,3500 元/月
整租·阳光天地家园,1室1厅,西, 31㎡ ,罗湖区-翠竹-阳光天地家园,4500 元/月
合租·龙园山庄,4居室,南卧, 8㎡ ,罗湖区-清水河-龙园山庄,1690 元/月
整租·布心花园二区,3室2厅,南, 79㎡ ,罗湖区-布心-布心花园二区,4500 元/月
合租·经典家园,3居室,东卧, 6㎡ ,罗湖区-地王-经典家园,1690 元/月
整租·东悦名轩,1室1厅,南, 39㎡ ,罗湖区-东门-东悦名轩,3800 元/月
合租·景贝北小区,4居室,南卧, 11㎡ ,罗湖区-黄贝岭-景贝北小区,1890 元/月
整租·新天地名居,1室1厅,东, 38㎡ ,罗湖区-黄贝岭-新天地名居,4500 元/月
合租·曦龙山庄,5居室,复式, 12㎡ ,罗湖区-新秀-曦龙山庄,1880 元/月
合租·港逸豪庭,3居室,北卧, 10㎡ ,罗湖区-罗湖口岸-港逸豪庭,2360 元/月
合租·通发花园,4居室,东南卧, 9㎡ ,罗湖区-新秀-通发花园,1660 元/月
整租·名骏豪庭,2室1厅,西, 71㎡ ,罗湖区-莲塘-名骏豪庭,4500 元/月
合租·都市名园,4居室,西卧, 9㎡ ,罗湖区-万象城-都市名园,2290 元/月
整租·新天地名居,1室1厅,西北, 39㎡ ,罗湖区-黄贝岭-新天地名居,4300 元/月
合租·嘉宝田花园,4居室,西北卧, 12㎡ ,罗湖区-笋岗-嘉宝田花园,2230 元/月
整租·京基东方华都,1室1厅,东南, 41㎡ ,罗湖区-螺岭-京基东方华都,4200 元/月
合租·松泉山庄,4居室,南卧, 11㎡ ,罗湖区-布心-松泉山庄,1730 元/月
整租·东方凤雅台,2室1厅,东南, 60㎡ ,罗湖区-莲塘-东方凤雅台,4200 元/月
整租·凤凰印象,1室0厅,东南, 30㎡ ,罗湖区-螺岭-凤凰印象,4000 元/月
整租·翠榕花园,3室2厅,南, 83㎡ ,罗湖区-莲塘-翠榕花园,4300 元/月
整租·京基东方都会,1室0厅,东, 32㎡ ,罗湖区-新秀-京基东方都会,3600 元/月
整租·缤纷时代家园,1室1厅,东, 40㎡ ,罗湖区-螺岭-缤纷时代家园,4390 元/月
合租·铁路小区,4居室,南卧, 11㎡ ,罗湖区-万象城-铁路小区,2090 元/月
整租·朗钜御风庭,1室0厅,东, 31㎡ ,罗湖区-黄贝岭-朗钜御风庭,3800 元/月
合租·英达花园,5居室,东卧, 9㎡ ,罗湖区-布心-英达花园,2030 元/月
整租·罗湖大厦,1室1厅,南, 41㎡ ,罗湖区-春风路-罗湖大厦,4500 元/月
整租·港澳8号,1室1厅,南, 49㎡ ,罗湖区-东门-港澳8号,4200 元/月
整租·德兴大厦,2室1厅,南, 38㎡ ,罗湖区-罗湖口岸-德兴大厦,4200 元/月
整租·东港中心,1室1厅,南, 27㎡ ,罗湖区-东门-东港中心,4300 元/月
整租·华隆园,1室1厅,东南, 44㎡ ,罗湖区-螺岭-华隆园,3700 元/月
整租·城市东座,1室1厅,北, 37㎡ ,罗湖区-莲塘-城市东座,3400 元/月
整租·鹏瑞仙桐雅轩罗湖区,2室1厅,东南, 49㎡ ,罗湖区-莲塘-鹏瑞仙桐雅轩罗湖区,4200 元/月
合租·桃花园,4居室,北卧, 8㎡ ,罗湖区-笋岗-桃花园,1930 元/月
整租·庐山花园,1室1厅,西南, 36㎡ ,罗湖区-罗湖口岸-庐山花园,4400 元/月
合租·贝丽花园,3居室,西南卧, 11㎡ ,罗湖区-翠竹-贝丽花园,1790 元/月
整租·名骏豪庭,2室1厅,北, 64㎡ ,罗湖区-莲塘-名骏豪庭,4500 元/月
合租·新天地名居,3居室,南卧, 8㎡ ,罗湖区-黄贝岭-新天地名居,2330 元/月
整租·缤纷时代家园,1室1厅,东南, 37㎡ ,罗湖区-螺岭-缤纷时代家园,3800 元/月
合租·龙屋小区,4居室,北卧, 12㎡ ,罗湖区-翠竹-龙屋小区,1790 元/月
合租·128大院,5居室,南卧, 22㎡ ,罗湖区-东门-128大院,2190 元/月
合租·鹏城花园,4居室,南卧, 9㎡ ,罗湖区-布心-鹏城花园,1830 元/月
整租·笋岗大厦,2室1厅,东, 64㎡ ,罗湖区-笋岗-笋岗大厦,4600 元/月
独栋·艾特公寓,罗湖店,精装公寓单间, 30-38㎡ ,,2800-3500 元/月
整租·新秀村南区,3室1厅,东南, 106㎡ ,罗湖区-新秀-新秀村南区,5200 元/月
独栋·恒泰青年公寓,黄贝岭店,阳光大单间, 15-16㎡ ,,2000 元/月
整租·金色都汇,1室1厅,南, 45㎡ ,罗湖区-春风路-金色都汇,5500 元/月
独栋·窝趣轻社区,窝趣大望轻社区,年前促销一波,10间在租 ,,2200 元/月
整租·新银座华庭,2室1厅,东南, 48㎡ ,罗湖区-罗湖口岸-新银座华庭,4600 元/月
整租·西湖小区,2室1厅,南/北, 68㎡ ,罗湖区-地王-西湖小区,5500 元/月
整租·置地逸轩,1室1厅,南, 47㎡ ,罗湖区-春风路-置地逸轩,5000 元/月
整租·兴隆大厦,2室1厅,南, 70㎡ ,罗湖区-春风路-兴隆大厦,5500 元/月
整租·新银座华庭,2室1厅,东南, 48㎡ ,罗湖区-罗湖口岸-新银座华庭,5400 元/月
整租·ONE,39,2室1厅, 73㎡ ,罗湖区-地王-ONE-39,4987 元/月
整租·银座金钻,2室1厅,西南, 56㎡ ,罗湖区-春风路-银座金钻,5100 元/月
独栋·WeWa创享域,创享家万象城店,舒适单间年签2617,10间在租 ,,2900 元/月
整租·雍翠豪园,2室1厅,南, 73㎡ ,罗湖区-莲塘-雍翠豪园,4600 元/月
整租·贝丽花园,2室2厅,东南/南, 76㎡ ,罗湖区-翠竹-贝丽花园,4700 元/月
整租·凤凰印象,1室1厅,东北, 41㎡ ,罗湖区-螺岭-凤凰印象,5000 元/月
整租·碧岭华庭,2室1厅,东南/南, 80㎡ ,罗湖区-布心-碧岭华庭,5500 元/月
整租·兴隆大厦,2室1厅,东南, 70㎡ ,罗湖区-春风路-兴隆大厦,5000 元/月
整租·鸿翔花园,1室0厅,南, 45㎡ ,罗湖区-地王-鸿翔花园,4700 元/月
整租·阳光新干线家园,2室1厅,西, 50㎡ ,罗湖区-春风路-阳光新干线家园,4600 元/月
独栋·窝趣轻社区,黄贝岭店,夕阳美景，只待你来赏,43间在租 ,,2380-2550 元/月
整租·万科深南道68號,1室1厅,南, 47㎡ ,罗湖区-春风路-万科深南道68號,5500 元/月
独栋·魔方公寓,深圳国贸店,押一付一/双地铁站,11间在租 ,,3500-4500 元/月
整租·京基一百大厦,1室1厅,南, 44㎡ ,罗湖区-地王-京基一百大厦,5200 元/月
独栋·深寓国际社区,园岭店,清新女神特惠风, 30㎡ ,,3335 元/月
整租·南塘物业小区,2室1厅,东南, 56㎡ ,罗湖区-东门-南塘物业小区,4900 元/月
独栋·WeWa创享域,创享家东湖公园店,观景大床房,18间在租 ,,2812-3116 元/月
独栋·励耘国际公寓,泥岗店,可季租温馨大单房, 27㎡ ,,3000 元/月
独栋·乐乎城市青年社区,乐乎有朋·河滨湾畔,单身男女楼层,50间在租 ,,1200 元/月
整租·东门168,1室1厅,南, 39㎡ ,罗湖区-螺岭-东门168,3600 元/月
整租·幸福华府,1室0厅,南, 46㎡ ,罗湖区-地王-幸福华府,4200 元/月
整租·广西外贸住宅小区,1室1厅,西北, 40㎡ ,罗湖区-春风路-广西外贸住宅小区,4500 元/月
整租·东门168,1室1厅,北, 27㎡ ,罗湖区-螺岭-东门168,3190 元/月
整租·南方证券大厦,1室0厅,东, 43㎡ ,罗湖区-春风路-南方证券大厦,4200 元/月
整租·置地逸轩,1室1厅,东, 30㎡ ,罗湖区-春风路-置地逸轩,4500 元/月
整租·罗湖大厦,2室1厅,东南, 41㎡ ,罗湖区-春风路-罗湖大厦,4500 元/月
整租·金城华庭,1室1厅,南, 36㎡ ,罗湖区-螺岭-金城华庭,3800 元/月
整租·谱心苑,2室1厅,南, 59㎡ ,罗湖区-布心-谱心苑,4000 元/月
整租·愉天小区,1室1厅,东南, 40㎡ ,罗湖区-翠竹-愉天小区,3200 元/月
整租·长丰苑,1室0厅,西, 39㎡ ,罗湖区-春风路-长丰苑,4000 元/月
整租·庐山花园,1室1厅,西, 45㎡ ,罗湖区-罗湖口岸-庐山花园,4390 元/月
整租·怡泰大厦,1室1厅,南, 53㎡ ,罗湖区-黄贝岭-怡泰大厦,4000 元/月
整租·星湖花园,1室1厅,南, 37㎡ ,罗湖区-银湖-星湖花园,3760 元/月
整租·松泉公寓,2室1厅,北, 71㎡ ,罗湖区-布心-松泉公寓,4500 元/月
整租·颖隆大厦,1室1厅,东南, 35㎡ ,罗湖区-布心-颖隆大厦,3300 元/月
整租·汇泰大厦,1室0厅,北, 33㎡ ,罗湖区-罗湖口岸-汇泰大厦,4500 元/月
整租·京基东方华都,1室1厅,西, 40㎡ ,罗湖区-螺岭-京基东方华都,4300 元/月
整租·鹏公馆,1室0厅,东南, 28㎡ ,罗湖区-翠竹-鹏公馆,4000 元/月
整租·双城世纪,1室0厅,东南, 34㎡ ,罗湖区-罗湖口岸-双城世纪,4500 元/月
整租·东门金座,1室1厅,东南, 43㎡ ,罗湖区-东门-东门金座,4300 元/月
整租·金丽豪苑,1室1厅,东, 37㎡ ,罗湖区-翠竹-金丽豪苑,3960 元/月
整租·东门金座,1室1厅,东南, 37㎡ ,罗湖区-东门-东门金座,3800 元/月
整租·东门天下,1室1厅,东, 35㎡ ,罗湖区-东门-东门天下,3990 元/月
整租·汇泰大厦,1室0厅,北, 33㎡ ,罗湖区-罗湖口岸-汇泰大厦,4100 元/月
整租·金丽豪苑,1室1厅,东南, 55㎡ ,罗湖区-翠竹-金丽豪苑,4300 元/月
整租·怡泰大厦,1室1厅,复式, 37㎡ ,罗湖区-黄贝岭-怡泰大厦,3800 元/月
整租·缤纷时代家园,1室1厅,西, 42㎡ ,罗湖区-螺岭-缤纷时代家园,4360 元/月
整租·阳光新干线家园,1室1厅,西, 39㎡ ,罗湖区-春风路-阳光新干线家园,4390 元/月
整租·源兴居,1室1厅,西, 32㎡ ,罗湖区-洪湖-源兴居,3790 元/月
整租·设计院宿舍,1室0厅,南, 14㎡ ,罗湖区-黄贝岭-设计院宿舍,1900 元/月
整租·怡泰大厦,1室1厅,东南, 30㎡ ,罗湖区-黄贝岭-怡泰大厦,2400 元/月
整租·水贝供电局住宅小区,1室0厅,南, 15㎡ ,罗湖区-百仕达-水贝供电局住宅小区,1500 元/月
整租·田贝新村,1室1厅,东, 43㎡ ,罗湖区-洪湖-田贝新村,2800 元/月
整租·海珑华苑,1室1厅,南/北, 52㎡ ,罗湖区-螺岭-海珑华苑,2800 元/月
合租·桐景花园,4居室,北卧, 18㎡ ,罗湖区-莲塘-桐景花园,1990 元/月
整租·宏丰大厦罗湖,1室0厅,东, 15㎡ ,罗湖区-春风路-宏丰大厦罗湖,1700 元/月
整租·清水河生活小区,1室1厅,东南, 43㎡ ,罗湖区-清水河-清水河生活小区,2200 元/月
整租·128大院,1室0厅,东, 20㎡ ,罗湖区-东门-128大院,2000 元/月
整租·布心公寓,1室1厅,南, 32㎡ ,罗湖区-布心-布心公寓,2800 元/月
整租·东乐花园,1室0厅,南, 18㎡ ,罗湖区-百仕达-东乐花园,1650 元/月
合租·锦星花园,4居室,北卧, 10㎡ ,罗湖区-黄贝岭-锦星花园,1660 元/月
整租·海珑华苑,1室1厅,北/东北, 60㎡ ,罗湖区-螺岭-海珑华苑,2500 元/月
合租·罗湖金岸大厦,3居室,西卧, 6㎡ ,罗湖区-罗湖口岸-罗湖金岸大厦,1660 元/月
整租·电影大厦,1室1厅,南, 37㎡ ,罗湖区-地王-电影大厦,3000 元/月
整租·碧波花园南区,1室0厅,东南, 18㎡ ,罗湖区-黄贝岭-碧波花园南区,1500 元/月
整租·华丽东村,1室0厅,南, 21㎡ ,罗湖区-黄贝岭-华丽东村,2300 元/月
整租·翠珠小区,1室1厅,东南/南, 40㎡ ,罗湖区-翠竹-翠珠小区,3000 元/月
整租·碧湖花园,1室1厅,南, 23㎡ ,罗湖区-洪湖-碧湖花园,2600 元/月
整租·金色都汇,1室0厅,东南, 25㎡ ,罗湖区-春风路-金色都汇,2900 元/月
整租·东门永新街59号,1室0厅,北, 20㎡ ,罗湖区-东门-东门永新街59号,1500 元/月
整租·田贝花园,1室0厅,南, 25㎡ ,罗湖区-洪湖-田贝花园,2450 元/月
整租·青橙时代,1室1厅,北, 27㎡ ,罗湖区-布心-青橙时代,3000 元/月
整租·莲塘D小区,1室0厅,东南/南/北, 35㎡ ,罗湖区-莲塘-莲塘D小区,1900 元/月
整租·鹏基公寓,1室0厅,西北/北, 30㎡ ,罗湖区-莲塘-鹏基公寓,1800 元/月
合租·新港鸿花园,4居室,南卧, 13㎡ ,罗湖区-百仕达-新港鸿花园,2490 元/月
整租·华丽西村,1室0厅,南, 20㎡ ,罗湖区-螺岭-华丽西村,2300 元/月
合租·英丽阁,3居室,南卧, 12㎡ ,罗湖区-翠竹-英丽阁,1960 元/月
整租·源兴居,1室1厅,北, 21㎡ ,罗湖区-洪湖-源兴居,2630 元/月
整租·田贝花园,1室0厅,东, 20㎡ ,罗湖区-洪湖-田贝花园,2400 元/月
整租·西岭花园,2室2厅,南/北, 100㎡ ,罗湖区-新秀-西岭花园,3850 元/月
合租·Mini公馆,3居室,北卧, 8㎡ ,罗湖区-布心-Mini公馆,2290 元/月
整租·鹏公馆,1室0厅,东南, 31㎡ ,罗湖区-翠竹-鹏公馆,4300 元/月
整租·田贝花园,1室0厅,东, 20㎡ ,罗湖区-洪湖-田贝花园,2300 元/月
整租·君逸华府,1室1厅,东南, 45㎡ ,罗湖区-布心-君逸华府,4000 元/月
整租·电影大厦,1室0厅,南, 36㎡ ,罗湖区-地王-电影大厦,3500 元/月
整租·新银座华庭,1室0厅,北, 24㎡ ,罗湖区-罗湖口岸-新银座华庭,3100 元/月
整租·怡泰大厦,1室1厅,复式, 29㎡ ,罗湖区-黄贝岭-怡泰大厦,3200 元/月
整租·丰湖花园,1室1厅,南/北, 39㎡ ,罗湖区-清水河-丰湖花园,3800 元/月
整租·旭飞华达园,1室1厅,南, 33㎡ ,罗湖区-百仕达-旭飞华达园,3500 元/月
整租·金色年华家园,1室1厅,北, 38㎡ ,罗湖区-莲塘-金色年华家园,3100 元/月
合租·景贝北小区,3居室,西南卧, 9㎡ ,罗湖区-黄贝岭-景贝北小区,1630 元/月
整租·鹏公馆,1室1厅,北, 41㎡ ,罗湖区-翠竹-鹏公馆,4400 元/月
整租·田贝花园,1室0厅,南, 20㎡ ,罗湖区-洪湖-田贝花园,2200 元/月
整租·怡泰大厦,2室2厅,西南, 64㎡ ,罗湖区-黄贝岭-怡泰大厦,4000 元/月
整租·外贸大院,3室2厅,东, 84㎡ ,罗湖区-黄贝岭-外贸大院,4500 元/月
整租·长丰苑,1室0厅,北, 46㎡ ,罗湖区-春风路-长丰苑,4300 元/月
整租·鹏兴花园一期,1室1厅,南, 45㎡ ,罗湖区-莲塘-鹏兴花园一期,3600 元/月
整租·名骏豪庭,1室1厅,北, 43㎡ ,罗湖区-莲塘-名骏豪庭,3300 元/月
整租·海丰苑大厦,2室1厅,东, 50㎡ ,罗湖区-春风路-海丰苑大厦,4500 元/月
整租·华商时代公寓,1室1厅,东, 43㎡ ,罗湖区-笋岗-华商时代公寓,3500 元/月
合租·中海天钻,5居室,西卧, 7㎡ ,罗湖区-万象城-中海天钻,2290 元/月
整租·集浩大厦,2室1厅,南, 47㎡ ,罗湖区-黄贝岭-集浩大厦,4200 元/月
合租·柏丽花园,4居室,西卧, 7㎡ ,罗湖区-翠竹-柏丽花园,1660 元/月
整租·风格名苑,1室0厅,东, 31㎡ ,罗湖区-地王-风格名苑,4000 元/月
合租·金盾花园,5居室,西卧, 13㎡ ,罗湖区-螺岭-金盾花园,2090 元/月
整租·愉天小区,2室1厅,东南, 49㎡ ,罗湖区-翠竹-愉天小区,4200 元/月
合租·龙园山庄,4居室,南卧, 15㎡ ,罗湖区-清水河-龙园山庄,1890 元/月
合租·外运宿舍大院,3居室,东卧, 8㎡ ,罗湖区-地王-外运宿舍大院,1760 元/月
合租·深业东岭,5居室,西卧, 8㎡ ,罗湖区-黄贝岭-深业东岭,2230 元/月
整租·东门168,1室0厅,东, 22㎡ ,罗湖区-螺岭-东门168,2700 元/月
整租·田贝花园,1室0厅,西南, 25㎡ ,罗湖区-洪湖-田贝花园,2300 元/月
整租·洪湖大厦,1室0厅,东南, 37㎡ ,罗湖区-东门-洪湖大厦,3000 元/月
合租·红群楼,4居室,南卧, 10㎡ ,罗湖区-地王-红群楼,1890 元/月
整租·布心花园一区,2室2厅,东南, 79㎡ ,罗湖区-布心-布心花园一区,4500 元/月
合租·红群楼,3居室,北卧, 10㎡ ,罗湖区-地王-红群楼,1930 元/月
整租·东门168,1室0厅,东南, 19㎡ ,罗湖区-螺岭-东门168,2600 元/月
整租·鹏基公寓,1室0厅,南, 31㎡ ,罗湖区-莲塘-鹏基公寓,2000 元/月
整租·鹏基公寓,1室0厅,东, 32㎡ ,罗湖区-莲塘-鹏基公寓,2300 元/月
整租·雅仕居,1室0厅,南, 22㎡ ,罗湖区-清水河-雅仕居,2600 元/月
整租·鹏基公寓,1室0厅,南, 30㎡ ,罗湖区-莲塘-鹏基公寓,2100 元/月
合租·经典家园,4居室,南卧, 8㎡ ,罗湖区-地王-经典家园,1790 元/月
整租·鹏基公寓,1室0厅,南, 30㎡ ,罗湖区-莲塘-鹏基公寓,2200 元/月
合租·金城华庭,4居室,北卧, 7㎡ ,罗湖区-螺岭-金城华庭,1890 元/月
整租·旭飞华天苑,1室1厅,北, 28㎡ ,罗湖区-清水河-旭飞华天苑,2200 元/月
整租·鹏基公寓,1室0厅,北, 31㎡ ,罗湖区-莲塘-鹏基公寓,2100 元/月
整租·鹏基公寓,1室0厅,北, 33㎡ ,罗湖区-莲塘-鹏基公寓,2500 元/月
整租·港莲一村,2室1厅,南/北, 70㎡ ,罗湖区-莲塘-港莲一村,3800 元/月
整租·城市东座,1室1厅,北, 37㎡ ,罗湖区-莲塘-城市东座,3300 元/月
整租·泰宁花园,2室1厅,东南, 67㎡ ,罗湖区-百仕达-泰宁花园,4500 元/月
整租·合正锦湖魅力城,1室1厅,东, 34㎡ ,罗湖区-洪湖-合正锦湖魅力城,4500 元/月
整租·幸福华府,1室0厅,西南, 42㎡ ,罗湖区-地王-幸福华府,4400 元/月
整租·翠竹苑,2室1厅,东南, 51㎡ ,罗湖区-百仕达-翠竹苑,4500 元/月
整租·田贝花园,1室0厅,东, 20㎡ ,罗湖区-洪湖-田贝花园,3000 元/月
整租·朗钜御风庭,1室1厅,西北, 45㎡ ,罗湖区-黄贝岭-朗钜御风庭,4500 元/月
合租·景贝北小区,3居室,北卧, 8㎡ ,罗湖区-黄贝岭-景贝北小区,1690 元/月
整租·山湖居,2室1厅,南, 70㎡ ,罗湖区-布心-山湖居,3800 元/月
合租·金景花园,3居室,北卧, 9㎡ ,罗湖区-银湖-金景花园,1930 元/月
合租·东翠花园,4居室,南卧, 9㎡ ,罗湖区-银湖-东翠花园,1690 元/月
整租·红桂皇冠,1室1厅,南, 41㎡ ,罗湖区-地王-红桂皇冠,4200 元/月
整租·TCL雅馨居,1室1厅,南, 15㎡ ,罗湖区-地王-TCL雅馨居,3500 元/月
合租·雍翠华府,3居室,西卧, 7㎡ ,罗湖区-布心-雍翠华府,1690 元/月
整租·海丰苑大厦,3室2厅,东南, 65㎡ ,罗湖区-春风路-海丰苑大厦,3500 元/月
合租·布心花园一区,4居室,东北卧, 9㎡ ,罗湖区-布心-布心花园一区,1638 元/月
整租·田心大厦,2室1厅,西, 47㎡ ,罗湖区-笋岗-田心大厦,3800 元/月
合租·中海天钻,5居室,西卧, 6㎡ ,罗湖区-万象城-中海天钻,1890 元/月
整租·四季御园,2室1厅,北, 42㎡ ,罗湖区-莲塘-四季御园,3520 元/月
整租·怡泰大厦,1室1厅,复式, 39㎡ ,罗湖区-黄贝岭-怡泰大厦,3800 元/月
整租·畔山花园,2室1厅,南, 77㎡ ,罗湖区-莲塘-畔山花园,4000 元/月
整租·虹桥星座大厦,2室1厅,南, 43㎡ ,罗湖区-笋岗-虹桥星座大厦,4500 元/月
整租·旺业豪苑,1室1厅,东南, 41㎡ ,罗湖区-东门-旺业豪苑,3800 元/月
合租·马古岭小区,4居室,南卧, 11㎡ ,罗湖区-翠竹-马古岭小区,1860 元/月
整租·绿景山庄,2室1厅,南, 80㎡ ,罗湖区-布心-绿景山庄,4200 元/月
合租·马古岭小区,3居室,东卧, 12㎡ ,罗湖区-翠竹-马古岭小区,1990 元/月
整租·长丰苑,2室1厅,南, 60㎡ ,罗湖区-春风路-长丰苑,4100 元/月
整租·聚福花园,3室2厅,南, 78㎡ ,罗湖区-莲塘-聚福花园,3900 元/月
整租·联城美园,1室0厅,北, 25㎡ ,罗湖区-春风路-联城美园,3500 元/月
整租·新秀村南区,2室1厅,东南/南, 70㎡ ,罗湖区-新秀-新秀村南区,4200 元/月
整租·港逸豪庭,1室1厅,南, 55㎡ ,罗湖区-罗湖口岸-港逸豪庭,4500 元/月
整租·京基一百大厦,1室0厅,东, 33㎡ ,罗湖区-地王-京基一百大厦,4500 元/月
整租·海珑华苑,1室1厅,东南, 52㎡ ,罗湖区-螺岭-海珑华苑,3300 元/月
合租·马古岭小区,4居室,南卧, 11㎡ ,罗湖区-翠竹-马古岭小区,1860 元/月
整租·凤凰街58号大院,2室2厅,东南, 66㎡ ,罗湖区-螺岭-凤凰街58号大院,4500 元/月
合租·马古岭小区,4居室,南卧, 11㎡ ,罗湖区-翠竹-马古岭小区,1890 元/月
整租·联城美园,1室1厅,西南, 36㎡ ,罗湖区-春风路-联城美园,4200 元/月
合租·公路局大院,4居室,南卧, 8㎡ ,罗湖区-翠竹-公路局大院,1790 元/月
整租·国际名园,1室1厅,东, 46㎡ ,罗湖区-春风路-国际名园,4500 元/月
合租·锦星花园,3居室,北卧, 10㎡ ,罗湖区-黄贝岭-锦星花园,1860 元/月
合租·龙园山庄,4居室,东卧, 6㎡ ,罗湖区-清水河-龙园山庄,1630 元/月
合租·东晓花园,4居室,南卧, 12㎡ ,罗湖区-布心-东晓花园,2290 元/月
整租·旺业豪苑,2室1厅,西南, 48㎡ ,罗湖区-东门-旺业豪苑,4500 元/月
合租·松园南十巷,4居室,南卧, 11㎡ ,罗湖区-地王-松园南十巷,2090 元/月
整租·华商时代公寓,1室1厅,西, 50㎡ ,罗湖区-笋岗-华商时代公寓,4000 元/月
合租·雍翠华府,3居室,东卧, 11㎡ ,罗湖区-布心-雍翠华府,2090 元/月
整租·太阳新城,1室1厅,南, 42㎡ ,罗湖区-布心-太阳新城,4300 元/月
合租·松园南十巷,4居室,南卧, 11㎡ ,罗湖区-地王-松园南十巷,2130 元/月
整租·新天地名居,1室1厅,东北, 39㎡ ,罗湖区-黄贝岭-新天地名居,4100 元/月
整租·罗湖金岸大厦,1室1厅,南, 43㎡ ,罗湖区-罗湖口岸-罗湖金岸大厦,4500 元/月
整租·旺业豪苑,1室1厅,南, 52㎡ ,罗湖区-东门-旺业豪苑,4300 元/月
整租·花半里别馆,2室1厅,南, 61㎡ ,罗湖区-布心-花半里别馆,4500 元/月
整租·东方凤雅台,1室1厅,南, 43㎡ ,罗湖区-莲塘-东方凤雅台,4000 元/月
合租·嘉宝田花园,3居室,东卧, 8㎡ ,罗湖区-笋岗-嘉宝田花园,2090 元/月
整租·振华苑,3室1厅,南, 89㎡ ,罗湖区-莲塘-振华苑,4500 元/月
合租·新秀村南区,3居室,南卧, 12㎡ ,罗湖区-新秀-新秀村南区,2090 元/月
整租·京基东方华都,1室1厅,东/西, 38㎡ ,罗湖区-螺岭-京基东方华都,4100 元/月
整租·翠竹苑,1室1厅,南, 37㎡ ,罗湖区-百仕达-翠竹苑,3600 元/月
整租·锦绣大厦,1室1厅,南, 44㎡ ,罗湖区-螺岭-锦绣大厦,3600 元/月
整租·旭飞华达园,1室1厅,西, 38㎡ ,罗湖区-百仕达-旭飞华达园,3900 元/月
整租·京基东方华都,0室0厅,西北, 42㎡ ,罗湖区-螺岭-京基东方华都,4200 元/月
整租·国际商业大厦,1室1厅,南, 36㎡ ,罗湖区-春风路-国际商业大厦,3800 元/月
整租·东港中心,1室1厅,东/东南, 24㎡ ,罗湖区-东门-东港中心,3500 元/月
合租·龙园山庄,5居室,南卧, 11㎡ ,罗湖区-清水河-龙园山庄,1990 元/月
整租·笋岗大厦,1室1厅,西南, 48㎡ ,罗湖区-笋岗-笋岗大厦,4000 元/月
合租·布心花园二区,4居室,北卧, 11㎡ ,罗湖区-布心-布心花园二区,1830 元/月
整租·京基东方华都,1室1厅,东北, 40㎡ ,罗湖区-螺岭-京基东方华都,4300 元/月
合租·松泉山庄,4居室,南卧, 9㎡ ,罗湖区-布心-松泉山庄,1890 元/月
整租·怡泰大厦,1室1厅,东南, 58㎡ ,罗湖区-黄贝岭-怡泰大厦,3200 元/月
合租·洪湖花园,4居室,东北卧, 11㎡ ,罗湖区-洪湖-洪湖花园,2190 元/月
合租·都市名园,3居室,西北卧, 10㎡ ,罗湖区-万象城-都市名园,2430 元/月
合租·维富大厦,5居室,东北卧, 12㎡ ,罗湖区-布心-维富大厦,1960 元/月
整租·庐山花园,2室1厅,东南/南, 58㎡ ,罗湖区-罗湖口岸-庐山花园,4500 元/月
合租·贝丽花园,4居室,南卧, 9㎡ ,罗湖区-翠竹-贝丽花园,1660 元/月
整租·华达园公寓,1室1厅,东南, 42㎡ ,罗湖区-百仕达-华达园公寓,3700 元/月
合租·泰丽苑,3居室,南卧, 16㎡ ,罗湖区-黄贝岭-泰丽苑,2030 元/月
整租·安业花园,1室1厅,南, 45㎡ ,罗湖区-新秀-安业花园,3900 元/月
合租·龙园山庄,5居室,南卧, 12㎡ ,罗湖区-清水河-龙园山庄,1690 元/月
整租·松泉公寓,2室1厅,南, 58㎡ ,罗湖区-布心-松泉公寓,4000 元/月
整租·布心花园三区,2室1厅,南, 73㎡ ,罗湖区-布心-布心花园三区,4200 元/月
整租·嘉景苑,1室1厅,北, 34㎡ ,罗湖区-笋岗-嘉景苑,3300 元/月
整租·罗湖医院医疗科技楼,1室1厅,西, 39㎡ ,罗湖区-春风路-罗湖医院医疗科技楼,3700 元/月
整租·电影大厦,1室0厅,西南, 38㎡ ,罗湖区-地王-电影大厦,3500 元/月
合租·128大院,5居室,南卧, 22㎡ ,罗湖区-东门-128大院,2190 元/月
整租·虹桥星座大厦,1室1厅,东南/南, 36㎡ ,罗湖区-笋岗-虹桥星座大厦,3500 元/月
整租·置地逸轩,1室0厅,东北, 29㎡ ,罗湖区-春风路-置地逸轩,3900 元/月
整租·五矿宿舍,1室1厅,南, 50㎡ ,罗湖区-翠竹-五矿宿舍,3000 元/月
整租·嘉湖新都,1室1厅,北, 32㎡ ,罗湖区-翠竹-嘉湖新都,3800 元/月
整租·松泉阁,2室1厅,南, 40㎡ ,罗湖区-布心-松泉阁,4000 元/月
整租·联城美园,1室1厅,南, 34㎡ ,罗湖区-春风路-联城美园,3800 元/月
整租·海珑华苑,2室1厅,西南, 52㎡ ,罗湖区-螺岭-海珑华苑,3800 元/月
整租·田心大厦,1室1厅,西, 47㎡ ,罗湖区-笋岗-田心大厦,3800 元/月
整租·深城公寓,2室1厅,南, 52㎡ ,罗湖区-笋岗-深城公寓,4000 元/月
合租·新秀村南区,5居室,东卧, 14㎡ ,罗湖区-新秀-新秀村南区,1990 元/月
整租·MR.91公馆,1室0厅,南, 40㎡ ,罗湖区-笋岗-MR.91公馆,3900 元/月
合租·宝丽大厦,4居室,南卧, 9㎡ ,罗湖区-地王-宝丽大厦,2530 元/月
整租·华隆园,1室1厅,西北, 44㎡ ,罗湖区-螺岭-华隆园,3800 元/月
合租·嘉宝田花园,3居室,东卧, 12㎡ ,罗湖区-笋岗-嘉宝田花园,2690 元/月
整租·仙湖枫景家园,1室1厅,东南, 40㎡ ,罗湖区-莲塘-仙湖枫景家园,3400 元/月
合租·公路局大院,4居室,南卧, 8㎡ ,罗湖区-翠竹-公路局大院,1630 元/月
合租·曦龙山庄,5居室,复式, 12㎡ ,罗湖区-新秀-曦龙山庄,1680 元/月
合租·都市名园,3居室,东北卧, 10㎡ ,罗湖区-万象城-都市名园,2590 元/月
整租·城市天地广场,1室1厅,北, 46㎡ ,罗湖区-万象城-城市天地广场,5000 元/月
合租·文华花园,4居室,北卧, 8㎡ ,罗湖区-黄贝岭-文华花园,1790 元/月
整租·置地逸轩,1室1厅,东南, 39㎡ ,罗湖区-春风路-置地逸轩,5100 元/月
合租·景贝北小区,4居室,南卧, 9㎡ ,罗湖区-黄贝岭-景贝北小区,1730 元/月
整租·凯悦华庭,2室1厅,南, 53㎡ ,罗湖区-春风路-凯悦华庭,5300 元/月
合租·海关宿舍楼,4居室,东卧, 12㎡ ,罗湖区-罗湖口岸-海关宿舍楼,2190 元/月
整租·旭飞华达园,2室2厅,东, 40㎡ ,罗湖区-百仕达-旭飞华达园,5000 元/月
整租·东方皇宫,2室1厅,东南, 50㎡ ,罗湖区-春风路-东方皇宫,5000 元/月
整租·德兴大厦,2室1厅,南, 45㎡ ,罗湖区-罗湖口岸-德兴大厦,5000 元/月
整租·金城华庭,2室1厅,东南, 51㎡ ,罗湖区-螺岭-金城华庭,5300 元/月
整租·友谊大厦,2室1厅,西北, 40㎡ ,罗湖区-春风路-友谊大厦,5100 元/月
合租·锦上花家园,4居室,东南卧, 7㎡ ,罗湖区-黄贝岭-锦上花家园,1790 元/月
整租·港澳8号,1室1厅,南, 49㎡ ,罗湖区-东门-港澳8号,5300 元/月
合租·锦上花家园,4居室,东北卧, 8㎡ ,罗湖区-黄贝岭-锦上花家园,1790 元/月
整租·虹桥星座大厦,2室1厅,南, 55㎡ ,罗湖区-笋岗-虹桥星座大厦,5300 元/月
整租·银座金钻,2室1厅,东北, 55㎡ ,罗湖区-春风路-银座金钻,5300 元/月
整租·名仕阁,1室1厅,西, 53㎡ ,罗湖区-地王-名仕阁,5500 元/月
整租·置地逸轩,1室1厅,西, 39㎡ ,罗湖区-春风路-置地逸轩,4600 元/月
整租·金迪名苑,2室1厅,南, 58㎡ ,罗湖区-布心-金迪名苑,5500 元/月
整租·银座金钻,1室1厅,南, 44㎡ ,罗湖区-春风路-银座金钻,4500 元/月
整租·骏庭名园,1室1厅,东, 51㎡ ,罗湖区-地王-骏庭名园,5200 元/月
合租·文华花园,3居室,东卧, 10㎡ ,罗湖区-黄贝岭-文华花园,2060 元/月
整租·华商时代公寓,2室1厅,东, 63㎡ ,罗湖区-笋岗-华商时代公寓,4500 元/月
合租·大塘垅小区,4居室,北卧, 10㎡ ,罗湖区-地王-大塘垅小区,1790 元/月
整租·福德花园,2室1厅,东/东南, 63㎡ ,罗湖区-螺岭-福德花园,5300 元/月
合租·红群楼,4居室,南卧, 10㎡ ,罗湖区-地王-红群楼,1860 元/月
整租·翠园十六巷,2室1厅,南, 63㎡ ,罗湖区-螺岭-翠园十六巷,5000 元/月
合租·翠华花园,3居室,南卧, 9㎡ ,罗湖区-黄贝岭-翠华花园,1830 元/月
合租·金盾花园,4居室,南卧, 9㎡ ,罗湖区-螺岭-金盾花园,1660 元/月
合租·锦上花家园,3居室,东卧, 7㎡ ,罗湖区-黄贝岭-锦上花家园,1730 元/月
整租·金湖山庄,2室1厅,东南, 58㎡ ,罗湖区-银湖-金湖山庄,4200 元/月
整租·莲塘D小区,1室0厅,南/北, 35㎡ ,罗湖区-莲塘-莲塘D小区,1800 元/月
整租·阳光新干线家园,1室1厅,西, 41㎡ ,罗湖区-春风路-阳光新干线家园,4200 元/月
整租·莲塘D小区,1室0厅,南/北, 35㎡ ,罗湖区-莲塘-莲塘D小区,1800 元/月
整租·布心花园三区,2室1厅,南, 73㎡ ,罗湖区-布心-布心花园三区,4200 元/月
整租·莲塘D小区,1室0厅,东南/南/北, 35㎡ ,罗湖区-莲塘-莲塘D小区,1800 元/月
整租·东门天下,1室1厅,东南, 42㎡ ,罗湖区-东门-东门天下,4200 元/月
整租·庐山花园,2室1厅,东南/南, 58㎡ ,罗湖区-罗湖口岸-庐山花园,4500 元/月
整租·安业花园,1室1厅,南, 45㎡ ,罗湖区-新秀-安业花园,3900 元/月
整租·教育新村,3室2厅,南/北, 87㎡ ,罗湖区-黄贝岭-教育新村,4000 元/月
整租·东门金座,1室1厅,东南, 37㎡ ,罗湖区-东门-东门金座,4000 元/月
整租·莲塘D小区,1室0厅,南/北, 35㎡ ,罗湖区-莲塘-莲塘D小区,1800 元/月
整租·源兴居,1室1厅,西南, 31㎡ ,罗湖区-洪湖-源兴居,3000 元/月
合租·桃花园,3居室,北卧, 7㎡ ,罗湖区-笋岗-桃花园,1890 元/月
整租·银座金钻,1室1厅,东, 33㎡ ,罗湖区-春风路-银座金钻,3700 元/月
整租·山湖居,2室2厅,南, 49㎡ ,罗湖区-布心-山湖居,4200 元/月
整租·京基东方都会,1室1厅,东, 35㎡ ,罗湖区-新秀-京基东方都会,3600 元/月
整租·德兴大厦,2室1厅,南, 38㎡ ,罗湖区-罗湖口岸-德兴大厦,4200 元/月
整租·华达园公寓,1室1厅,东南, 42㎡ ,罗湖区-百仕达-华达园公寓,3700 元/月
整租·碧湖花园,1室1厅,复式, 26㎡ ,罗湖区-洪湖-碧湖花园,3600 元/月
整租·笋岗大厦,2室1厅,东南, 64㎡ ,罗湖区-笋岗-笋岗大厦,4000 元/月
合租·文星花园,3居室,北卧, 9㎡ ,罗湖区-春风路-文星花园,1830 元/月
整租·特力大厦,2室1厅,东, 46㎡ ,罗湖区-翠竹-特力大厦,3800 元/月
合租·富达花园,4居室,东卧, 15㎡ ,罗湖区-莲塘-富达花园,1790 元/月
整租·嘉湖新都,1室1厅,北, 32㎡ ,罗湖区-翠竹-嘉湖新都,4000 元/月
合租·祥和花园,4居室,东卧, 12㎡ ,罗湖区-莲塘-祥和花园,1690 元/月
整租·京基东方华都,1室1厅,东南, 40㎡ ,罗湖区-螺岭-京基东方华都,4300 元/月
合租·畔山花园,4居室,西南卧, 14㎡ ,罗湖区-莲塘-畔山花园,1730 元/月
合租·港莲二村,3居室,南卧, 10㎡ ,罗湖区-莲塘-港莲二村,1690 元/月
合租·锦上花家园,3居室,南卧, 10㎡ ,罗湖区-黄贝岭-锦上花家园,2390 元/月
整租·金豪花园,3室2厅,南, 83㎡ ,罗湖区-清水河-金豪花园,4500 元/月
合租·锦星花园,3居室,南卧, 9㎡ ,罗湖区-黄贝岭-锦星花园,1960 元/月
整租·华商时代公寓,1室0厅,南, 43㎡ ,罗湖区-笋岗-华商时代公寓,3600 元/月
合租·宁水花园,4居室,南卧, 11㎡ ,罗湖区-黄贝岭-宁水花园,1790 元/月
整租·洪湖大厦,1室0厅,东南, 37㎡ ,罗湖区-东门-洪湖大厦,3000 元/月
合租·马古岭小区,4居室,西卧, 11㎡ ,罗湖区-翠竹-马古岭小区,1730 元/月
整租·TCL雅馨居,1室0厅,东北, 32㎡ ,罗湖区-地王-TCL雅馨居,4200 元/月
整租·洪湖大厦,1室0厅,东南, 37㎡ ,罗湖区-东门-洪湖大厦,3000 元/月
整租·长丰苑,1室0厅,西, 39㎡ ,罗湖区-春风路-长丰苑,3800 元/月
整租·东门168,1室0厅,东南, 29㎡ ,罗湖区-螺岭-东门168,3100 元/月
整租·长丰苑,1室0厅,东南, 42㎡ ,罗湖区-春风路-长丰苑,4200 元/月
合租·太阳新城,4居室,北卧, 11㎡ ,罗湖区-布心-太阳新城,2230 元/月
整租·风格名苑,1室0厅,东南, 31㎡ ,罗湖区-地王-风格名苑,3800 元/月
合租·马古岭小区,3居室,东卧, 11㎡ ,罗湖区-翠竹-马古岭小区,1860 元/月
整租·置地逸轩,1室0厅,南, 28㎡ ,罗湖区-春风路-置地逸轩,4500 元/月
整租·愉天小区,1室0厅,东南, 29㎡ ,罗湖区-翠竹-愉天小区,3000 元/月
整租·风格名苑,1室0厅,南, 31㎡ ,罗湖区-地王-风格名苑,3800 元/月
整租·华商时代公寓,1室0厅,东南, 43㎡ ,罗湖区-笋岗-华商时代公寓,3500 元/月
整租·鹏公馆,1室1厅,东南, 25㎡ ,罗湖区-翠竹-鹏公馆,3900 元/月
整租·东悦名轩,1室1厅,西南, 36㎡ ,罗湖区-东门-东悦名轩,4000 元/月
整租·汇泰大厦,1室0厅,北, 34㎡ ,罗湖区-罗湖口岸-汇泰大厦,4200 元/月
合租·碧湖花园,4居室,南卧, 8㎡ ,罗湖区-洪湖-碧湖花园,1630 元/月
整租·广西外贸住宅小区,1室1厅,东, 40㎡ ,罗湖区-春风路-广西外贸住宅小区,4500 元/月
合租·金丽豪苑,4居室,北卧, 11㎡ ,罗湖区-翠竹-金丽豪苑,2230 元/月
整租·东港中心,1室1厅,东南, 30㎡ ,罗湖区-东门-东港中心,4500 元/月
合租·雍翠华府,3居室,北卧, 7㎡ ,罗湖区-布心-雍翠华府,1660 元/月
整租·东港中心,0室0厅,南, 27㎡ ,罗湖区-东门-东港中心,4100 元/月
合租·东乐花园,3居室,东卧, 12㎡ ,罗湖区-百仕达-东乐花园,1890 元/月
合租·桃花园,3居室,东卧, 12㎡ ,罗湖区-笋岗-桃花园,2490 元/月
合租·桃花园,3居室,北卧, 11㎡ ,罗湖区-笋岗-桃花园,2460 元/月
整租·城市天地广场,1室1厅,南, 58㎡ ,罗湖区-万象城-城市天地广场,5000 元/月
合租·鹏城花园,4居室,东卧, 10㎡ ,罗湖区-布心-鹏城花园,1690 元/月
整租·金城华庭,2室1厅,北, 56㎡ ,罗湖区-螺岭-金城华庭,5500 元/月
合租·泰和花园,4居室,北卧, 8㎡ ,罗湖区-布心-泰和花园,1690 元/月
整租·城市天地广场,1室1厅,北, 51㎡ ,罗湖区-万象城-城市天地广场,5500 元/月
合租·泰和花园,4居室,南卧, 13㎡ ,罗湖区-布心-泰和花园,1890 元/月
整租·城市天地广场,1室1厅,北, 58㎡ ,罗湖区-万象城-城市天地广场,4800 元/月
整租·港澳8号,1室1厅,东南, 42㎡ ,罗湖区-东门-港澳8号,4800 元/月
整租·怡景花园,2室1厅,南, 57㎡ ,罗湖区-黄贝岭-怡景花园,5000 元/月
整租·万事达名苑,1室1厅,北, 48㎡ ,罗湖区-百仕达-万事达名苑,4900 元/月
整租·金丽豪苑,2室1厅,西, 59㎡ ,罗湖区-翠竹-金丽豪苑,5000 元/月
合租·翠景山庄,5居室,东卧, 11㎡ ,罗湖区-布心-翠景山庄,2190 元/月
整租·东乐花园,3室2厅,东南, 87㎡ ,罗湖区-百仕达-东乐花园,5200 元/月
合租·东晓花园,4居室,南卧, 12㎡ ,罗湖区-布心-东晓花园,1990 元/月
整租·日豪名园,2室1厅,东南, 59㎡ ,罗湖区-地王-日豪名园,5000 元/月
整租·港澳8号,2室1厅,南, 53㎡ ,罗湖区-东门-港澳8号,5000 元/月
整租·港澳8号,1室1厅,南, 51㎡ ,罗湖区-东门-港澳8号,4600 元/月
整租·城市天地广场,1室1厅,南, 51㎡ ,罗湖区-万象城-城市天地广场,4800 元/月
整租·龙园山庄,3室1厅,南, 89㎡ ,罗湖区-清水河-龙园山庄,4900 元/月
整租·笋岗大厦,2室1厅,东, 64㎡ ,罗湖区-笋岗-笋岗大厦,4600 元/月
整租·城市天地广场,1室1厅,东南, 58㎡ ,罗湖区-万象城-城市天地广场,5000 元/月
合租·布心花园二区,4居室,北卧, 11㎡ ,罗湖区-布心-布心花园二区,1930 元/月
整租·银座金钻,1室1厅,西北, 44㎡ ,罗湖区-春风路-银座金钻,5000 元/月
合租·金祥都市花园,4居室,西卧, 6㎡ ,罗湖区-清水河-金祥都市花园,1930 元/月
整租·兴业大厦,3室1厅,南, 59㎡ ,罗湖区-春风路-兴业大厦,5300 元/月
合租·金祥都市花园,5居室,北卧, 6㎡ ,罗湖区-清水河-金祥都市花园,1790 元/月
整租·港澳8号,1室1厅,东南, 49㎡ ,罗湖区-东门-港澳8号,4600 元/月
合租·金祥都市花园,5居室,北卧, 6㎡ ,罗湖区-清水河-金祥都市花园,2160 元/月
合租·金祥都市花园,3居室,北卧, 8㎡ ,罗湖区-清水河-金祥都市花园,2190 元/月
合租·金祥都市花园,4居室,西卧, 12㎡ ,罗湖区-清水河-金祥都市花园,2790 元/月
整租·泊林花园,1室1厅,南/西南, 47㎡ ,罗湖区-翠竹-泊林花园,5500 元/月
整租·颖隆大厦,1室1厅,北, 35㎡ ,罗湖区-布心-颖隆大厦,3660 元/月
整租·明德公馆,2室1厅,南, 49㎡ ,罗湖区-翠竹-明德公馆,5500 元/月
整租·银座金钻,1室1厅,南, 38㎡ ,罗湖区-春风路-银座金钻,4430 元/月
整租·万事达名苑,1室1厅,西南, 52㎡ ,罗湖区-百仕达-万事达名苑,5500 元/月
整租·东门168,1室1厅,北, 22㎡ ,罗湖区-螺岭-东门168,3260 元/月
整租·骏庭名园,1室1厅,南, 51㎡ ,罗湖区-地王-骏庭名园,5300 元/月
整租·华丽西村,2室2厅,南, 78㎡ ,罗湖区-螺岭-华丽西村,5000 元/月
整租·骏庭名园,1室1厅,东, 51㎡ ,罗湖区-地王-骏庭名园,5200 元/月
整租·深港花园,1室1厅,东北, 64㎡ ,罗湖区-螺岭-深港花园,5000 元/月
整租·方海商苑,2室1厅,东南/南, 70㎡ ,罗湖区-东门-方海商苑,5200 元/月
合租·金祥都市花园,4居室,东卧, 11㎡ ,罗湖区-清水河-金祥都市花园,2930 元/月
整租·向西华侨新村,3室2厅,南, 92㎡ ,罗湖区-黄贝岭-向西华侨新村,5300 元/月
合租·长丰苑,3居室,西北卧, 22㎡ ,罗湖区-春风路-长丰苑,2930 元/月
整租·新银座华庭,1室1厅,南, 45㎡ ,罗湖区-罗湖口岸-新银座华庭,5000 元/月
整租·广东省银行大厦,2室1厅,南, 69㎡ ,罗湖区-罗湖口岸-广东省银行大厦,5300 元/月
整租·旭飞华达园,2室1厅,西, 50㎡ ,罗湖区-百仕达-旭飞华达园,5300 元/月
整租·阳光明居,2室1厅,南, 56㎡ ,罗湖区-布心-阳光明居,5000 元/月
整租·万科深南道68號,1室1厅,南, 47㎡ ,罗湖区-春风路-万科深南道68號,5500 元/月
整租·新世界鹿茵翠地,2室2厅,西南, 77㎡ ,罗湖区-莲塘-新世界鹿茵翠地,5300 元/月
整租·置地逸轩,1室0厅,北, 29㎡ ,罗湖区-春风路-置地逸轩,4600 元/月
整租·东门168,1室1厅,北, 19㎡ ,罗湖区-螺岭-东门168,3090 元/月
整租·中威联实业有限公司工会宿舍,2室2厅,南, 74㎡ ,罗湖区-百仕达-中威联实业有限公司工会宿舍,4800 元/月
整租·深业东岭,1室1厅,东南, 39㎡ ,罗湖区-黄贝岭-深业东岭,5000 元/月
整租·源兴居,2室1厅,东南, 53㎡ ,罗湖区-洪湖-源兴居,5500 元/月
整租·金园花园,1室1厅,西, 37㎡ ,罗湖区-地王-金园花园,4030 元/月
整租·阳光天地家园,1室1厅,南, 39㎡ ,罗湖区-翠竹-阳光天地家园,5000 元/月
独栋·平台认证机构,罗湖一号公寓2,温馨通风复式一房一厅, 45-48㎡ ,,4570-5400 元/月
独栋·平台认证机构,CK尚寓,清新小居家,6间在租 ,,5600 元/月
独栋·芝麻公寓,大剧院店,一室厅（独立卧室）, 55㎡ ,,6300-6650 元/月
整租·翠竹苑,2室1厅,南/北, 51㎡ ,罗湖区-百仕达-翠竹苑,4600 元/月
合租·供电南苑,4居室,西卧, 10㎡ ,罗湖区-万象城-供电南苑,2890 元/月
整租·金城大厦,2室1厅,东, 46㎡ ,罗湖区-春风路-金城大厦,5300 元/月
整租·名都大厦,1室1厅,南, 37㎡ ,罗湖区-螺岭-名都大厦,3790 元/月
整租·立新花园,2室1厅,东北, 51㎡ ,罗湖区-东门-立新花园,5300 元/月
合租·贝丽花园,4居室,北卧, 8㎡ ,罗湖区-翠竹-贝丽花园,1630 元/月
整租·鹏城花园,3室1厅,东南, 81㎡ ,罗湖区-布心-鹏城花园,5500 元/月
整租·德兴大厦,3室1厅,东南, 45㎡ ,罗湖区-罗湖口岸-德兴大厦,5200 元/月
整租·鹏公馆,1室1厅,东南, 25㎡ ,罗湖区-翠竹-鹏公馆,5200 元/月
整租·港逸豪庭,2室1厅,东南, 55㎡ ,罗湖区-罗湖口岸-港逸豪庭,5500 元/月
整租·长丰苑,2室1厅,东南, 90㎡ ,罗湖区-春风路-长丰苑,5500 元/月
合租·东乐花园,4居室,南卧, 12㎡ ,罗湖区-百仕达-东乐花园,1830 元/月
整租·阳光明居,2室1厅,南, 77㎡ ,罗湖区-布心-阳光明居,5500 元/月
合租·都市名园,5居室,西南卧, 12㎡ ,罗湖区-万象城-都市名园,2760 元/月
整租·布心花园二区,3室1厅,南, 79㎡ ,罗湖区-布心-布心花园二区,4800 元/月
整租·凤凰印象,1室1厅,东北, 41㎡ ,罗湖区-螺岭-凤凰印象,4950 元/月
整租·凤凰印象,1室1厅,南, 41㎡ ,罗湖区-螺岭-凤凰印象,5500 元/月
整租·鹏公馆,1室1厅,东南, 38㎡ ,罗湖区-翠竹-鹏公馆,4800 元/月
整租·聚福花园,2室1厅,北, 74㎡ ,罗湖区-莲塘-聚福花园,4800 元/月
整租·畔山花园,3室1厅,南, 98㎡ ,罗湖区-莲塘-畔山花园,5500 元/月
整租·蕙兰雅居,2室1厅,北, 71㎡ ,罗湖区-莲塘-蕙兰雅居,5500 元/月
合租·贝丽花园,3居室,北卧, 9㎡ ,罗湖区-翠竹-贝丽花园,1860 元/月
整租·聚宝花园,2室1厅,南, 85㎡ ,罗湖区-莲塘-聚宝花园,5200 元/月
合租·华丽东村,4居室,南卧, 13㎡ ,罗湖区-黄贝岭-华丽东村,1760 元/月
整租·雅仕居,3室1厅,东南, 70㎡ ,罗湖区-清水河-雅仕居,5500 元/月
合租·龙园山庄,3居室,西卧, 9㎡ ,罗湖区-清水河-龙园山庄,1830 元/月
整租·怡泰大厦,2室1厅,西/西北, 58㎡ ,罗湖区-黄贝岭-怡泰大厦,5000 元/月
合租·嘉宝田花园,3居室,南卧, 8㎡ ,罗湖区-笋岗-嘉宝田花园,2090 元/月
合租·雍翠华府,4居室,西卧, 6㎡ ,罗湖区-布心-雍翠华府,1660 元/月
合租·华丽东村,4居室,北卧, 11㎡ ,罗湖区-黄贝岭-华丽东村,1990 元/月
整租·梅园新村,3室1厅,南, 83㎡ ,罗湖区-笋岗-梅园新村,5500 元/月
合租·华丽西村,4居室,北卧, 11㎡ ,罗湖区-螺岭-华丽西村,1630 元/月
整租·凤凰印象,1室1厅,东南, 42㎡ ,罗湖区-螺岭-凤凰印象,5300 元/月
合租·龙屋小区,4居室,南卧, 9㎡ ,罗湖区-翠竹-龙屋小区,1660 元/月
整租·雍翠华府,2室1厅,南, 51㎡ ,罗湖区-布心-雍翠华府,5500 元/月
合租·外运宿舍大院,3居室,东卧, 8㎡ ,罗湖区-地王-外运宿舍大院,1830 元/月
整租·128大院,3室1厅,南, 76㎡ ,罗湖区-东门-128大院,5500 元/月
整租·双城世纪,2室1厅,南/北, 70㎡ ,罗湖区-罗湖口岸-双城世纪,5500 元/月
整租·锦上花家园,2室1厅,东南/南, 61㎡ ,罗湖区-黄贝岭-锦上花家园,5200 元/月
整租·红桂皇冠,1室1厅,南, 41㎡ ,罗湖区-地王-红桂皇冠,4600 元/月
整租·城市天地广场,1室1厅,南, 57㎡ ,罗湖区-万象城-城市天地广场,5000 元/月
合租·桂花大厦,4居室,西卧, 15㎡ ,罗湖区-地王-桂花大厦,2590 元/月
整租·京基一百大厦,1室0厅,北, 32㎡ ,罗湖区-地王-京基一百大厦,5000 元/月
合租·翠苑住宅小区,3居室,南卧, 12㎡ ,罗湖区-百仕达-翠苑住宅小区,1890 元/月
整租·丹枫白露城东1号,1室1厅,东南, 68㎡ ,罗湖区-黄贝岭-丹枫白露城东1号,5500 元/月
整租·鹏兴花园二期,2室1厅,东, 60㎡ ,罗湖区-莲塘-鹏兴花园二期,4800 元/月
整租·新世界鹿茵翠地,2室1厅,南, 78㎡ ,罗湖区-莲塘-新世界鹿茵翠地,5500 元/月
整租·汇泰大厦,1室1厅,北, 42㎡ ,罗湖区-罗湖口岸-汇泰大厦,5300 元/月
整租·ONE,39,1室0厅, 47㎡ ,罗湖区-地王-ONE-39,5500 元/月
整租·桐景花园,2室2厅,北, 79㎡ ,罗湖区-莲塘-桐景花园,4900 元/月
整租·梧桐山新居,2室2厅,南, 58㎡ ,罗湖区-莲塘-梧桐山新居,4800 元/月
合租·大塘垅小区,4居室,南卧, 8㎡ ,罗湖区-地王-大塘垅小区,1660 元/月
整租·金色年华家园,2室1厅,南, 61㎡ ,罗湖区-莲塘-金色年华家园,5200 元/月
合租·大塘垅小区,4居室,北卧, 10㎡ ,罗湖区-地王-大塘垅小区,1890 元/月
整租·名骏豪庭,2室1厅,北, 64㎡ ,罗湖区-莲塘-名骏豪庭,4800 元/月
合租·铁路小区,4居室,南卧, 11㎡ ,罗湖区-万象城-铁路小区,2190 元/月
整租·金色都汇,1室1厅,西南, 45㎡ ,罗湖区-春风路-金色都汇,5000 元/月
合租·红群楼,5居室,南卧, 13㎡ ,罗湖区-地王-红群楼,1960 元/月
合租·大塘垅小区,4居室,北卧, 10㎡ ,罗湖区-地王-大塘垅小区,1830 元/月
合租·龙屋小区,3居室,南卧, 13㎡ ,罗湖区-翠竹-龙屋小区,2190 元/月
整租·合正锦湖魅力城,1室1厅,西南, 44㎡ ,罗湖区-洪湖-合正锦湖魅力城,5000 元/月
合租·桃花园,3居室,北卧, 7㎡ ,罗湖区-笋岗-桃花园,2190 元/月
整租·凤凰印象,1室1厅,南, 44㎡ ,罗湖区-螺岭-凤凰印象,5300 元/月
合租·洪湖花园,4居室,东北卧, 11㎡ ,罗湖区-洪湖-洪湖花园,2090 元/月
整租·联城美园,1室1厅,东南, 35㎡ ,罗湖区-春风路-联城美园,4600 元/月
合租·高嘉花园,3居室,东南卧, 17㎡ ,罗湖区-春风路-高嘉花园,2630 元/月
整租·星湖花园,2室1厅,西南, 64㎡ ,罗湖区-银湖-星湖花园,5500 元/月
整租·东港中心,1室1厅,南/北, 53㎡ ,罗湖区-东门-东港中心,5000 元/月
整租·金豪花园,2室1厅,南, 76㎡ ,罗湖区-清水河-金豪花园,4800 元/月
整租·五矿宿舍,3室1厅,南, 65㎡ ,罗湖区-翠竹-五矿宿舍,5000 元/月
整租·鸿基大厦,2室1厅,东南, 53㎡ ,罗湖区-东门-鸿基大厦,5000 元/月
合租·新秀村北区,4居室,南卧, 12㎡ ,罗湖区-新秀-新秀村北区,1890 元/月
整租·兴业大厦,2室1厅,东南, 53㎡ ,罗湖区-春风路-兴业大厦,5500 元/月
合租·翠苑住宅小区,4居室,北卧, 10㎡ ,罗湖区-百仕达-翠苑住宅小区,1730 元/月
整租·田心大厦,2室1厅,西, 74㎡ ,罗湖区-笋岗-田心大厦,5000 元/月
整租·泰宁花园,2室2厅,东南, 67㎡ ,罗湖区-百仕达-泰宁花园,5000 元/月
整租·置地逸轩,1室1厅,北, 47㎡ ,罗湖区-春风路-置地逸轩,5300 元/月
整租·翡翠公寓,2室1厅,西南, 34㎡ ,罗湖区-翠竹-翡翠公寓,4800 元/月
整租·宁水花园,3室1厅,东/东南, 98㎡ ,罗湖区-黄贝岭-宁水花园,4800 元/月
整租·田苑小区,3室1厅,东南/南, 80㎡ ,罗湖区-翠竹-田苑小区,5500 元/月
整租·鹏公馆,1室1厅,西北, 41㎡ ,罗湖区-翠竹-鹏公馆,4700 元/月
合租·松泉山庄,4居室,南卧, 9㎡ ,罗湖区-布心-松泉山庄,1790 元/月
整租·鹏公馆,2室2厅,南, 37㎡ ,罗湖区-翠竹-鹏公馆,5000 元/月
合租·东安花园,4居室,南卧, 10㎡ ,罗湖区-百仕达-东安花园,1660 元/月
整租·田心大厦,2室1厅,北, 69㎡ ,罗湖区-笋岗-田心大厦,5000 元/月
合租·东安花园,4居室,南卧, 11㎡ ,罗湖区-百仕达-东安花园,1890 元/月
整租·田心庆云花园,2室1厅,南, 66㎡ ,罗湖区-笋岗-田心庆云花园,5500 元/月
合租·锦上花家园,3居室,西卧, 7㎡ ,罗湖区-黄贝岭-锦上花家园,1860 元/月
合租·松泉山庄,4居室,南卧, 14㎡ ,罗湖区-布心-松泉山庄,2030 元/月
合租·景贝北小区,3居室,西南卧, 9㎡ ,罗湖区-黄贝岭-景贝北小区,1690 元/月
整租·辐照中心,3室1厅,南, 97㎡ ,罗湖区-布心-辐照中心,5000 元/月
合租·东乐花园,4居室,北卧, 9㎡ ,罗湖区-百仕达-东乐花园,1630 元/月
整租·书院街5号大院,2室1厅,西, 65㎡ ,罗湖区-东门-书院街5号大院,4700 元/月
合租·华丽东村,4居室,南卧, 13㎡ ,罗湖区-黄贝岭-华丽东村,1890 元/月
整租·海丰苑大厦,2室1厅,西南, 50㎡ ,罗湖区-春风路-海丰苑大厦,5500 元/月
合租·马古岭小区,3居室,东卧, 12㎡ ,罗湖区-翠竹-马古岭小区,1990 元/月
整租·翠竹苑,2室1厅,东, 47㎡ ,罗湖区-百仕达-翠竹苑,5000 元/月
整租·东安花园,2室2厅,东南, 75㎡ ,罗湖区-百仕达-东安花园,5200 元/月
整租·泊林花园,1室1厅,西南, 44㎡ ,罗湖区-翠竹-泊林花园,4900 元/月
整租·西湖小区,2室1厅,南/北, 68㎡ ,罗湖区-地王-西湖小区,5500 元/月
整租·中国南海工程有限公司大院,2室1厅,东南, 65㎡ ,罗湖区-翠竹-中国南海工程有限公司大院,5500 元/月
合租·新秀村南区,4居室,北卧, 11㎡ ,罗湖区-新秀-新秀村南区,1660 元/月
整租·翡翠公寓,2室1厅,南, 43㎡ ,罗湖区-翠竹-翡翠公寓,4800 元/月
合租·马古岭小区,4居室,西卧, 9㎡ ,罗湖区-翠竹-马古岭小区,1730 元/月
整租·风格名苑,1室1厅,北, 48㎡ ,罗湖区-地王-风格名苑,4800 元/月
整租·国际名园,1室1厅,南, 43㎡ ,罗湖区-春风路-国际名园,5300 元/月
整租·比华利山庄,5室2厅,东南, 117㎡ ,罗湖区-布心-比华利山庄,5500 元/月
整租·泊林花园,1室1厅,西南/西, 46㎡ ,罗湖区-翠竹-泊林花园,5000 元/月
整租·万事达名苑,1室1厅,南, 51㎡ ,罗湖区-百仕达-万事达名苑,5200 元/月
整租·彩世界家园,1室1厅,南, 48㎡ ,罗湖区-布心-彩世界家园,4600 元/月
整租·湖心大厦,2室1厅,东南, 43㎡ ,罗湖区-春风路-湖心大厦,5200 元/月
合租·新秀村南区,4居室,北卧, 15㎡ ,罗湖区-新秀-新秀村南区,1790 元/月
整租·深城公寓,2室1厅,北, 65㎡ ,罗湖区-笋岗-深城公寓,5000 元/月
合租·名都大厦,3居室,东北卧, 11㎡ ,罗湖区-螺岭-名都大厦,1790 元/月
整租·锦绣大厦,2室1厅,南, 52㎡ ,罗湖区-螺岭-锦绣大厦,5200 元/月
合租·景贝南小区,3居室,南卧, 11㎡ ,罗湖区-黄贝岭-景贝南小区,2030 元/月
整租·都心名苑,1室1厅,南, 42㎡ ,罗湖区-螺岭-都心名苑,4800 元/月
合租·东乐花园,4居室,南卧, 12㎡ ,罗湖区-百仕达-东乐花园,2030 元/月
合租·新秀村南区,4居室,北卧, 11㎡ ,罗湖区-新秀-新秀村南区,1760 元/月
合租·雍翠华府,3居室,北卧, 9㎡ ,罗湖区-布心-雍翠华府,1990 元/月
整租·旭飞华天苑,1室0厅,北, 21㎡ ,罗湖区-清水河-旭飞华天苑,1500 元/月
合租·东门天下,3居室,西北卧, 7㎡ ,罗湖区-东门-东门天下,2190 元/月
整租·东门168,1室0厅,东南, 26㎡ ,罗湖区-螺岭-东门168,2300 元/月
合租·洪湖一街五号大院罗湖区,4居室,北卧, 15㎡ ,罗湖区-洪湖-洪湖一街五号大院罗湖区,1690 元/月
整租·旭飞华天苑,1室0厅,北, 21㎡ ,罗湖区-清水河-旭飞华天苑,1800 元/月
合租·罗湖金岸大厦,4居室,南卧, 6㎡ ,罗湖区-罗湖口岸-罗湖金岸大厦,1760 元/月
整租·旭飞华天苑,1室0厅,东南, 18㎡ ,罗湖区-清水河-旭飞华天苑,2000 元/月
整租·梧桐山新居,1室0厅,南, 24㎡ ,罗湖区-莲塘-梧桐山新居,2400 元/月
整租·莲塘D小区,1室0厅,南, 31㎡ ,罗湖区-莲塘-莲塘D小区,1900 元/月
整租·鹏基公寓,1室0厅,北, 30㎡ ,罗湖区-莲塘-鹏基公寓,2500 元/月
整租·鹏基公寓,1室1厅,南, 31㎡ ,罗湖区-莲塘-鹏基公寓,2300 元/月
整租·莲塘D小区,1室0厅,南/北, 35㎡ ,罗湖区-莲塘-莲塘D小区,1800 元/月
整租·惠名花园,1室0厅,南, 30㎡ ,罗湖区-莲塘-惠名花园,2000 元/月
合租·鹏兴花园五期,4居室,北卧, 10㎡ ,罗湖区-莲塘-鹏兴花园五期,1690 元/月
整租·愉天小区,1室1厅,北, 35㎡ ,罗湖区-翠竹-愉天小区,3500 元/月
整租·英达花园,1室0厅,南, 23㎡ ,罗湖区-布心-英达花园,2800 元/月
整租·鹏基公寓,1室0厅,北, 31㎡ ,罗湖区-莲塘-鹏基公寓,1800 元/月
整租·鹏基公寓,1室0厅,北, 30㎡ ,罗湖区-莲塘-鹏基公寓,1800 元/月
整租·京基东方都会,1室1厅,东南, 35㎡ ,罗湖区-新秀-京基东方都会,4300 元/月
整租·旭飞华天苑,1室1厅,北, 26㎡ ,罗湖区-清水河-旭飞华天苑,2400 元/月
整租·绿映居,1室0厅,南, 25㎡ ,罗湖区-布心-绿映居,1800 元/月
整租·新秀工业区,1室1厅,南, 30㎡ ,罗湖区-新秀-新秀工业区,2798 元/月
整租·旭飞华天苑,1室1厅,南, 26㎡ ,罗湖区-清水河-旭飞华天苑,2400 元/月
整租·新秀工业区,1室1厅,南, 30㎡ ,罗湖区-新秀-新秀工业区,2730 元/月
整租·旭飞华天苑,1室1厅,西北, 27㎡ ,罗湖区-清水河-旭飞华天苑,2600 元/月
整租·新秀工业区,1室1厅,南, 30㎡ ,罗湖区-新秀-新秀工业区,2730 元/月
整租·惠名花园,1室1厅,东, 31㎡ ,罗湖区-莲塘-惠名花园,2600 元/月
整租·红岗花园,1室0厅,西, 35㎡ ,罗湖区-清水河-红岗花园,2650 元/月
合租·和平大厦,3居室,南卧, 13㎡ ,罗湖区-万象城-和平大厦,2380 元/月
合租·星湖花园,3居室,南卧, 10㎡ ,罗湖区-银湖-星湖花园,1790 元/月
整租·贝丽花园,2室2厅,南, 71㎡ ,罗湖区-翠竹-贝丽花园,5300 元/月
合租·景贝南小区,3居室,南卧, 11㎡ ,罗湖区-黄贝岭-景贝南小区,2030 元/月
整租·东方皇宫,2室1厅,西北, 49㎡ ,罗湖区-春风路-东方皇宫,4800 元/月
合租·东乐花园,4居室,南卧, 12㎡ ,罗湖区-百仕达-东乐花园,2030 元/月
整租·德兴大厦,2室1厅,东南, 38㎡ ,罗湖区-罗湖口岸-德兴大厦,4600 元/月
合租·雍翠华府,3居室,北卧, 9㎡ ,罗湖区-布心-雍翠华府,1990 元/月
整租·置地逸轩,1室1厅,北, 47㎡ ,罗湖区-春风路-置地逸轩,5200 元/月
整租·风格名苑,1室1厅,北, 51㎡ ,罗湖区-地王-风格名苑,5500 元/月
整租·集浩大厦,2室1厅,南, 45㎡ ,罗湖区-黄贝岭-集浩大厦,4500 元/月
整租·阳光天地家园,1室1厅,南, 39㎡ ,罗湖区-翠竹-阳光天地家园,5000 元/月
整租·红桂皇冠,2室1厅,东南, 52㎡ ,罗湖区-地王-红桂皇冠,5500 元/月
合租·新秀村南区,4居室,北卧, 11㎡ ,罗湖区-新秀-新秀村南区,1760 元/月
整租·华丽西村,2室1厅,东南, 58㎡ ,罗湖区-螺岭-华丽西村,4500 元/月
合租·东乐花园,4居室,北卧, 8㎡ ,罗湖区-百仕达-东乐花园,1960 元/月
整租·银座金钻,2室1厅,西南, 55㎡ ,罗湖区-春风路-银座金钻,5000 元/月
整租·畔山花园,3室1厅,北, 99㎡ ,罗湖区-莲塘-畔山花园,5000 元/月
整租·翠榕花园,3室1厅,北, 77㎡ ,罗湖区-莲塘-翠榕花园,4800 元/月
整租·国际名园,1室1厅,东南, 43㎡ ,罗湖区-春风路-国际名园,4850 元/月
整租·深城公寓,2室1厅,东南, 65㎡ ,罗湖区-笋岗-深城公寓,5300 元/月
整租·城市天地广场,1室1厅,南, 52㎡ ,罗湖区-万象城-城市天地广场,4900 元/月
整租·田心庆云花园,2室1厅,南, 66㎡ ,罗湖区-笋岗-田心庆云花园,4800 元/月
合租·马古岭小区,4居室,南卧, 10㎡ ,罗湖区-翠竹-马古岭小区,1730 元/月
整租·鹏公馆,1室1厅,西南, 23㎡ ,罗湖区-翠竹-鹏公馆,5200 元/月
合租·名都大厦,3居室,东北卧, 11㎡ ,罗湖区-螺岭-名都大厦,1790 元/月
整租·鸿业苑二期,2室1厅,东南, 57㎡ ,罗湖区-黄贝岭-鸿业苑二期,5400 元/月
合租·都市名园,4居室,北卧, 8㎡ ,罗湖区-万象城-都市名园,2090 元/月
整租·海珑华苑,3室1厅,东南, 71㎡ ,罗湖区-螺岭-海珑华苑,5500 元/月
整租·置地逸轩,1室1厅,东南, 30㎡ ,罗湖区-春风路-置地逸轩,4000 元/月
整租·京基东方都会,1室1厅,西, 35㎡ ,罗湖区-新秀-京基东方都会,4290 元/月
整租·鹏公馆,1室0厅,南, 35㎡ ,罗湖区-翠竹-鹏公馆,4400 元/月
整租·公路局大院,1室0厅,东南, 20㎡ ,罗湖区-翠竹-公路局大院,2380 元/月
合租·曦龙山庄,5居室,复式, 12㎡ ,罗湖区-新秀-曦龙山庄,1680 元/月
整租·MR.91公馆,1室0厅,南, 39㎡ ,罗湖区-笋岗-MR.91公馆,3800 元/月
合租·水贝供电局住宅小区,4居室,西卧, 12㎡ ,罗湖区-百仕达-水贝供电局住宅小区,1790 元/月
整租·龙屋小区,1室0厅,西北, 18㎡ ,罗湖区-翠竹-龙屋小区,2180 元/月
合租·中海天钻,5居室,南卧, 10㎡ ,罗湖区-万象城-中海天钻,2490 元/月
整租·东方凤雅台,2室1厅,南, 60㎡ ,罗湖区-莲塘-东方凤雅台,4300 元/月
整租·莲通楼,3室2厅,南, 95㎡ ,罗湖区-莲塘-莲通楼,3200 元/月
整租·莲塘供水住宅楼,3室1厅,东南, 93㎡ ,罗湖区-莲塘-莲塘供水住宅楼,4300 元/月
整租·翠榕花园,3室2厅,南, 83㎡ ,罗湖区-莲塘-翠榕花园,4300 元/月
整租·翠榕花园,2室1厅,东, 67㎡ ,罗湖区-莲塘-翠榕花园,4000 元/月
合租·都市名园,3居室,西北卧, 15㎡ ,罗湖区-万象城-都市名园,2690 元/月
整租·仙湖枫景家园,2室1厅,南, 60㎡ ,罗湖区-莲塘-仙湖枫景家园,4500 元/月
合租·东翠花园,4居室,南卧, 9㎡ ,罗湖区-银湖-东翠花园,1690 元/月
整租·畔山花园,2室1厅,南/北, 78㎡ ,罗湖区-莲塘-畔山花园,4200 元/月
整租·梧桐山新居,2室1厅,东北, 59㎡ ,罗湖区-莲塘-梧桐山新居,4500 元/月
整租·港莲二村,3室1厅,南, 70㎡ ,罗湖区-莲塘-港莲二村,4200 元/月
整租·东方凤雅台,2室1厅,南, 60㎡ ,罗湖区-莲塘-东方凤雅台,4200 元/月
整租·祥和花园二期,2室1厅,北/东北, 54㎡ ,罗湖区-莲塘-祥和花园二期,4200 元/月
整租·鹏兴花园一期,2室1厅,东, 72㎡ ,罗湖区-莲塘-鹏兴花园一期,4500 元/月
整租·港莲二村,3室2厅,东/南, 86㎡ ,罗湖区-莲塘-港莲二村,4500 元/月
合租·翠盈嘉园,4居室,南卧, 10㎡ ,罗湖区-洪湖-翠盈嘉园,2290 元/月
整租·京基东方华都,2室1厅,东南, 38㎡ ,罗湖区-螺岭-京基东方华都,4500 元/月
合租·景贝南小区,4居室,南卧, 9㎡ ,罗湖区-黄贝岭-景贝南小区,1630 元/月
整租·都心名苑,1室1厅,北, 40㎡ ,罗湖区-螺岭-都心名苑,4000 元/月
合租·翠苑住宅小区,4居室,南卧, 12㎡ ,罗湖区-百仕达-翠苑住宅小区,1790 元/月
整租·京基东方华都,1室1厅,西北, 42㎡ ,罗湖区-螺岭-京基东方华都,4400 元/月
合租·都市名园,5居室,西北卧, 11㎡ ,罗湖区-万象城-都市名园,2690 元/月
合租·翠盈嘉园,4居室,北卧, 7㎡ ,罗湖区-洪湖-翠盈嘉园,1660 元/月
合租·丰湖花园,3居室,西卧, 6㎡ ,罗湖区-清水河-丰湖花园,1660 元/月
整租·东方凤雅台,2室2厅,东, 71㎡ ,罗湖区-莲塘-东方凤雅台,4800 元/月
整租·东门168,1室1厅,北, 19㎡ ,罗湖区-螺岭-东门168,3130 元/月
整租·绿景山庄,3室2厅,北, 101㎡ ,罗湖区-布心-绿景山庄,5500 元/月
整租·风格名苑,1室0厅,东, 31㎡ ,罗湖区-地王-风格名苑,4390 元/月
整租·置地逸轩,1室0厅,北, 31㎡ ,罗湖区-春风路-置地逸轩,4600 元/月
整租·海珑华苑,1室1厅,东, 41㎡ ,罗湖区-螺岭-海珑华苑,4090 元/月
整租·金色年华家园,2室1厅,东北, 52㎡ ,罗湖区-莲塘-金色年华家园,5200 元/月
整租·国际名园,1室1厅,西南, 42㎡ ,罗湖区-春风路-国际名园,5000 元/月
整租·广西外贸住宅小区,1室1厅,东, 48㎡ ,罗湖区-春风路-广西外贸住宅小区,4700 元/月
整租·广西外贸住宅小区,1室1厅,东, 44㎡ ,罗湖区-春风路-广西外贸住宅小区,4600 元/月
整租·凤凰印象,1室1厅,东南, 41㎡ ,罗湖区-螺岭-凤凰印象,5200 元/月
整租·名都大厦,1室1厅,西, 32㎡ ,罗湖区-螺岭-名都大厦,3630 元/月
整租·骏庭名园,1室1厅,东, 51㎡ ,罗湖区-地王-骏庭名园,5400 元/月
合租·华民大厦,3居室,东南卧, 14㎡ ,罗湖区-罗湖口岸-华民大厦,3180 元/月
整租·景贝南小区,2室1厅,南/北, 20㎡ ,罗湖区-黄贝岭-景贝南小区,4800 元/月
整租·四季御园,1室0厅,北, 50㎡ ,罗湖区-莲塘-四季御园,4700 元/月
整租·翡翠公寓,1室0厅,南, 34㎡ ,罗湖区-翠竹-翡翠公寓,4800 元/月
整租·雍翠华府,2室1厅,东南, 51㎡ ,罗湖区-布心-雍翠华府,5300 元/月
整租·湖滨新村,2室2厅,南, 55㎡ ,罗湖区-黄贝岭-湖滨新村,5200 元/月
整租·宁水花园,3室1厅,南, 98㎡ ,罗湖区-黄贝岭-宁水花园,5000 元/月
整租·万科深南道68號,1室1厅,东/北, 43㎡ ,罗湖区-春风路-万科深南道68號,5500 元/月
合租·嘉宝田花园,4居室,南卧, 9㎡ ,罗湖区-笋岗-嘉宝田花园,3360 元/月
整租·泊林花园,1室1厅,北, 44㎡ ,罗湖区-翠竹-泊林花园,5500 元/月
合租·碧清园,4居室,南卧, 16㎡ ,罗湖区-银湖-碧清园,2930 元/月
整租·京基东方颐园,2室1厅,北, 43㎡ ,罗湖区-螺岭-京基东方颐园,5100 元/月
合租·百仕达花园二期,4居室,南卧, 12㎡ ,罗湖区-百仕达-百仕达花园二期,2830 元/月
整租·红桂皇冠,1室1厅,南, 42㎡ ,罗湖区-地王-红桂皇冠,4600 元/月
合租·颖隆大厦,5居室,西卧, 16㎡ ,罗湖区-布心-颖隆大厦,2830 元/月
整租·新秀工业区,1室1厅,东南/南, 35㎡ ,罗湖区-新秀-新秀工业区,2982 元/月
整租·新秀工业区,1室1厅,南, 50㎡ ,罗湖区-新秀-新秀工业区,3483 元/月
整租·星桂园,1室1厅,东南, 37㎡ ,罗湖区-地王-星桂园,5500 元/月
合租·华丽东村,4居室,北卧, 11㎡ ,罗湖区-黄贝岭-华丽东村,1990 元/月
整租·名仕阁,1室0厅,东南, 40㎡ ,罗湖区-地王-名仕阁,5000 元/月
合租·公路局大院,4居室,南卧, 9㎡ ,罗湖区-翠竹-公路局大院,1690 元/月
整租·ONE,39,1室1厅, 40㎡ ,罗湖区-地王-ONE-39,4690 元/月
合租·嘉宝田花园,3居室,南卧, 8㎡ ,罗湖区-笋岗-嘉宝田花园,2090 元/月
整租·怡泰大厦,1室1厅,南, 55㎡ ,罗湖区-黄贝岭-怡泰大厦,5500 元/月
整租·名仕阁,1室0厅,南, 41㎡ ,罗湖区-地王-名仕阁,4600 元/月
整租·鸿翔花园,1室0厅,南, 45㎡ ,罗湖区-地王-鸿翔花园,4800 元/月
整租·万科深南道68號,1室0厅,西, 51㎡ ,罗湖区-春风路-万科深南道68號,5300 元/月
整租·四季御园,2室1厅,南, 50㎡ ,罗湖区-莲塘-四季御园,5000 元/月
合租·雍翠华府,4居室,西卧, 6㎡ ,罗湖区-布心-雍翠华府,1660 元/月
整租·凤凰印象,1室1厅,东, 41㎡ ,罗湖区-螺岭-凤凰印象,5300 元/月
合租·嘉宝田花园,3居室,北卧, 9㎡ ,罗湖区-笋岗-嘉宝田花园,2730 元/月
整租·慢性病防治中心罗湖,3室1厅,南, 86㎡ ,罗湖区-百仕达-慢性病防治中心罗湖,5200 元/月
整租·明德公馆,1室1厅,南, 43㎡ ,罗湖区-翠竹-明德公馆,5500 元/月
整租·泊林花园,1室1厅,东, 44㎡ ,罗湖区-翠竹-泊林花园,5300 元/月
整租·华商时代公寓,2室1厅,南, 64㎡ ,罗湖区-笋岗-华商时代公寓,5200 元/月
整租·泊林花园,1室1厅,南, 44㎡ ,罗湖区-翠竹-泊林花园,5500 元/月
整租·双城世纪,1室1厅,南, 48㎡ ,罗湖区-罗湖口岸-双城世纪,5100 元/月
整租·宁水花园,3室2厅,南, 98㎡ ,罗湖区-黄贝岭-宁水花园,5500 元/月
合租·雍翠华府,3居室,西卧, 10㎡ ,罗湖区-布心-雍翠华府,2160 元/月
整租·培峰苑,2室1厅,北, 68㎡ ,罗湖区-布心-培峰苑,5000 元/月
合租·合正锦湖魅力城,3居室,南卧, 9㎡ ,罗湖区-洪湖-合正锦湖魅力城,2130 元/月
整租·锦上花家园,2室1厅,北, 58㎡ ,罗湖区-黄贝岭-锦上花家园,5300 元/月
合租·碧湖花园,4居室,北卧, 8㎡ ,罗湖区-洪湖-碧湖花园,1790 元/月
整租·湖心大厦,2室1厅,东北, 54㎡ ,罗湖区-春风路-湖心大厦,5500 元/月
合租·马古岭小区,4居室,北卧, 7㎡ ,罗湖区-翠竹-马古岭小区,1660 元/月
合租·马古岭小区,4居室,南卧, 11㎡ ,罗湖区-翠竹-马古岭小区,1760 元/月
合租·马古岭小区,4居室,南卧, 12㎡ ,罗湖区-翠竹-马古岭小区,1890 元/月
整租·敦信大厦,2室1厅,东南, 48㎡ ,罗湖区-罗湖口岸-敦信大厦,5000 元/月
整租·颖隆大厦,1室1厅,北, 38㎡ ,罗湖区-布心-颖隆大厦,3890 元/月
整租·龙园山庄,4室2厅,东南, 101㎡ ,罗湖区-清水河-龙园山庄,5500 元/月
整租·田贝花园,1室0厅,东, 20㎡ ,罗湖区-洪湖-田贝花园,3000 元/月
整租·名仕阁,1室1厅,东南, 54㎡ ,罗湖区-地王-名仕阁,5500 元/月
整租·华隆园,1室1厅,北, 40㎡ ,罗湖区-螺岭-华隆园,4290 元/月
整租·城市天地广场,1室1厅,南, 51㎡ ,罗湖区-万象城-城市天地广场,4600 元/月
整租·金城华庭,2室1厅,东南, 51㎡ ,罗湖区-螺岭-金城华庭,5200 元/月
整租·京基东方颐园,2室1厅,东南/南, 43㎡ ,罗湖区-螺岭-京基东方颐园,5300 元/月
整租·翡翠公寓,1室1厅,南, 34㎡ ,罗湖区-翠竹-翡翠公寓,5100 元/月
整租·合正锦湖魅力城,1室1厅,东南, 44㎡ ,罗湖区-洪湖-合正锦湖魅力城,5000 元/月
整租·华隆园,1室0厅,东, 30㎡ ,罗湖区-螺岭-华隆园,3490 元/月
整租·泊林花园,1室1厅,西, 44㎡ ,罗湖区-翠竹-泊林花园,5200 元/月
整租·东门168,1室1厅,北, 19㎡ ,罗湖区-螺岭-东门168,3030 元/月
整租·联城美园,1室1厅,西, 38㎡ ,罗湖区-春风路-联城美园,5000 元/月
整租·鹏公馆,1室1厅,东南, 25㎡ ,罗湖区-翠竹-鹏公馆,5500 元/月
整租·万事达名苑,1室1厅,南, 51㎡ ,罗湖区-百仕达-万事达名苑,5200 元/月
整租·骏庭名园,1室1厅,东, 51㎡ ,罗湖区-地王-骏庭名园,4700 元/月
整租·深城公寓,2室1厅,北, 65㎡ ,罗湖区-笋岗-深城公寓,5000 元/月
整租·锦绣大厦,1室1厅,西南, 44㎡ ,罗湖区-螺岭-锦绣大厦,5500 元/月
整租·松泉公寓,2室1厅,南, 71㎡ ,罗湖区-布心-松泉公寓,5500 元/月
整租·东悦名轩,1室1厅,北, 39㎡ ,罗湖区-东门-东悦名轩,4230 元/月
整租·鹏公馆,1室1厅,东, 27㎡ ,罗湖区-翠竹-鹏公馆,4800 元/月
整租·中航凯特公寓,1室1厅,西, 35㎡ ,罗湖区-地王-中航凯特公寓,4090 元/月
整租·置地逸轩,1室1厅,北, 39㎡ ,罗湖区-春风路-置地逸轩,5000 元/月
整租·旭飞华达园,1室1厅,南, 33㎡ ,罗湖区-百仕达-旭飞华达园,3990 元/月
整租·城市天地广场,1室1厅,北, 47㎡ ,罗湖区-万象城-城市天地广场,5500 元/月
整租·名都大厦,1室1厅,北, 37㎡ ,罗湖区-螺岭-名都大厦,3490 元/月
整租·金城华庭,1室1厅,东, 39㎡ ,罗湖区-螺岭-金城华庭,4230 元/月
整租·银座金钻,1室1厅,北, 33㎡ ,罗湖区-春风路-银座金钻,4060 元/月
整租·旭飞华天苑,1室1厅,南, 28㎡ ,罗湖区-清水河-旭飞华天苑,2800 元/月
合租·凤凰街58号大院,3居室,南卧, 11㎡ ,罗湖区-螺岭-凤凰街58号大院,1630 元/月
整租·旭飞华天苑,1室1厅,南, 26㎡ ,罗湖区-清水河-旭飞华天苑,2300 元/月
合租·紫荆花园,4居室,北卧, 16㎡ ,罗湖区-布心-紫荆花园,2290 元/月
整租·金稻田公寓,1室0厅,南, 28㎡ ,罗湖区-布心-金稻田公寓,2500 元/月
合租·金丽豪苑,4居室,北卧, 10㎡ ,罗湖区-翠竹-金丽豪苑,2390 元/月
整租·文康楼,1室0厅,西南, 26㎡ ,罗湖区-百仕达-文康楼,2500 元/月
整租·富达花园,2室1厅,北, 47㎡ ,罗湖区-莲塘-富达花园,3200 元/月
整租·京基东方华都,1室0厅,东, 32㎡ ,罗湖区-螺岭-京基东方华都,3700 元/月
整租·龙园苑,2室1厅,南, 50㎡ ,罗湖区-黄贝岭-龙园苑,4500 元/月
合租·登高村,1居室,东/南/西/北卧, 54㎡ ,罗湖区-螺岭-登高村,2000 元/月
合租·龙园山庄,4居室,南卧, 15㎡ ,罗湖区-清水河-龙园山庄,2090 元/月
整租·钻石时代,1室0厅,南, 27㎡ ,罗湖区-春风路-钻石时代,3200 元/月
合租·金湖花园C区,4居室,南卧, 15㎡ ,罗湖区-银湖-金湖花园C区,2290 元/月
整租·庐山花园,1室0厅,西南, 24㎡ ,罗湖区-罗湖口岸-庐山花园,2800 元/月
整租·洪一二邨,1室0厅,南, 110㎡ ,罗湖区-地王-洪一二邨,1800 元/月
整租·贝丽花园,1室0厅,北, 26㎡ ,罗湖区-翠竹-贝丽花园,2800 元/月
整租·雅仕居,1室0厅,东北, 21㎡ ,罗湖区-清水河-雅仕居,2100 元/月
整租·华隆园,1室0厅,东, 32㎡ ,罗湖区-螺岭-华隆园,2800 元/月
整租·名都大厦,1室0厅,东, 20㎡ ,罗湖区-螺岭-名都大厦,2000 元/月
整租·旭飞华达园,1室0厅,南, 22㎡ ,罗湖区-百仕达-旭飞华达园,2800 元/月
合租·金湖花园C区,4居室,南卧, 8㎡ ,罗湖区-银湖-金湖花园C区,1630 元/月
整租·华商时代公寓,1室0厅,东, 23㎡ ,罗湖区-笋岗-华商时代公寓,2800 元/月
合租·东乐花园,4居室,北卧, 8㎡ ,罗湖区-百仕达-东乐花园,1630 元/月
整租·金迪名苑,1室0厅,南, 26㎡ ,罗湖区-布心-金迪名苑,2800 元/月
合租·海关宿舍楼,4居室,南卧, 7㎡ ,罗湖区-罗湖口岸-海关宿舍楼,1760 元/月
整租·东门168,0室0厅,北, 19㎡ ,罗湖区-螺岭-东门168,2800 元/月
合租·大信大厦,4居室,北卧, 11㎡ ,罗湖区-地王-大信大厦,2230 元/月
合租·新港鸿花园,4居室,南卧, 13㎡ ,罗湖区-百仕达-新港鸿花园,2630 元/月
合租·公路局大院,4居室,南卧, 13㎡ ,罗湖区-翠竹-公路局大院,2590 元/月
整租·海珑华苑,1室0厅,东, 45㎡ ,罗湖区-螺岭-海珑华苑,3800 元/月
整租·TCL雅馨居,1室1厅,北, 32㎡ ,罗湖区-地王-TCL雅馨居,3860 元/月
整租·麟腾苑二期,1室0厅,东南, 21㎡ ,罗湖区-布心-麟腾苑二期,3000 元/月
整租·源兴居,2室1厅,北, 54㎡ ,罗湖区-洪湖-源兴居,4490 元/月
整租·锦绣大厦,1室0厅,东, 52㎡ ,罗湖区-螺岭-锦绣大厦,4000 元/月
整租·鸿翔花园,1室1厅,北, 35㎡ ,罗湖区-地王-鸿翔花园,4260 元/月
整租·骏庭名园,1室1厅,东, 51㎡ ,罗湖区-地王-骏庭名园,5500 元/月
整租·骏庭名园,1室0厅,西, 53㎡ ,罗湖区-地王-骏庭名园,4800 元/月
整租·京基东方颐园,2室1厅,东南/南, 52㎡ ,罗湖区-螺岭-京基东方颐园,5300 元/月
整租·桐景花园,2室1厅,北, 74㎡ ,罗湖区-莲塘-桐景花园,5000 元/月
整租·蕙兰雅居,2室1厅,北, 71㎡ ,罗湖区-莲塘-蕙兰雅居,4800 元/月
整租·田贝花园,1室1厅,东, 43㎡ ,罗湖区-洪湖-田贝花园,3600 元/月
整租·置地逸轩,1室0厅,东南, 31㎡ ,罗湖区-春风路-置地逸轩,4300 元/月
整租·国际名园,1室1厅,南, 23㎡ ,罗湖区-春风路-国际名园,3490 元/月
整租·金城大厦,2室1厅,东/东南, 46㎡ ,罗湖区-春风路-金城大厦,4800 元/月
整租·畔山花园,3室1厅,南, 98㎡ ,罗湖区-莲塘-畔山花园,5200 元/月
整租·鹏兴花园一期,3室2厅,南, 103㎡ ,罗湖区-莲塘-鹏兴花园一期,5300 元/月
整租·莲塘派出所宿舍,3室2厅,南, 91㎡ ,罗湖区-莲塘-莲塘派出所宿舍,4800 元/月
整租·朗钜御风庭,1室1厅,西北, 45㎡ ,罗湖区-黄贝岭-朗钜御风庭,4600 元/月
整租·骏庭名园,1室1厅,东南, 51㎡ ,罗湖区-地王-骏庭名园,5000 元/月
整租·源兴居,2室1厅,东南, 58㎡ ,罗湖区-洪湖-源兴居,5200 元/月
合租·东安花园,4居室,东卧, 12㎡ ,罗湖区-百仕达-东安花园,1890 元/月
整租·银座金钻,2室1厅,西北, 55㎡ ,罗湖区-春风路-银座金钻,5200 元/月
合租·华兴花园,4居室,南卧, 7㎡ ,罗湖区-新秀-华兴花园,1630 元/月
整租·万事达名苑,1室1厅,北, 48㎡ ,罗湖区-百仕达-万事达名苑,4900 元/月
合租·泰和花园,3居室,北卧, 14㎡ ,罗湖区-布心-泰和花园,1760 元/月
整租·港澳8号,1室1厅,东南, 42㎡ ,罗湖区-东门-港澳8号,4800 元/月
合租·金祥都市花园,4居室,西卧, 6㎡ ,罗湖区-清水河-金祥都市花园,2230 元/月
合租·泰和花园,4居室,南卧, 13㎡ ,罗湖区-布心-泰和花园,1890 元/月
合租·曦龙山庄,5居室,复式, 7㎡ ,罗湖区-新秀-曦龙山庄,1680 元/月
整租·长丰苑,1室0厅,东南, 33㎡ ,罗湖区-春风路-长丰苑,3600 元/月
合租·铁路小区,4居室,北卧, 6㎡ ,罗湖区-万象城-铁路小区,1660 元/月
整租·中航凯特公寓,1室0厅,东/南, 26㎡ ,罗湖区-地王-中航凯特公寓,2900 元/月
整租·田贝花园,1室0厅,东, 20㎡ ,罗湖区-洪湖-田贝花园,2500 元/月
整租·华商时代公寓,1室1厅,东, 45㎡ ,罗湖区-笋岗-华商时代公寓,3500 元/月
合租·雍翠华府,3居室,东卧, 6㎡ ,罗湖区-布心-雍翠华府,1790 元/月
整租·风格名苑,1室0厅,西南, 28㎡ ,罗湖区-地王-风格名苑,3800 元/月
整租·祥福雅居,1室0厅,东, 31㎡ ,罗湖区-笋岗-祥福雅居,3200 元/月
整租·怡泰大厦,1室0厅,东, 20㎡ ,罗湖区-黄贝岭-怡泰大厦,3300 元/月
整租·京基东方都会,1室0厅,南, 26㎡ ,罗湖区-新秀-京基东方都会,3000 元/月
整租·南方证券大厦,1室0厅,东, 59㎡ ,罗湖区-春风路-南方证券大厦,4000 元/月
合租·港逸豪庭,4居室,东卧, 6㎡ ,罗湖区-罗湖口岸-港逸豪庭,1730 元/月
整租·怡泰大厦,1室1厅,西南, 32㎡ ,罗湖区-黄贝岭-怡泰大厦,3300 元/月
合租·龙园山庄,4居室,南卧, 13㎡ ,罗湖区-清水河-龙园山庄,1830 元/月
整租·长丰苑,1室1厅,东南, 39㎡ ,罗湖区-春风路-长丰苑,3600 元/月
整租·庐山花园,1室1厅,西南, 36㎡ ,罗湖区-罗湖口岸-庐山花园,4200 元/月
整租·电影大厦,1室0厅,南, 37㎡ ,罗湖区-地王-电影大厦,3500 元/月
整租·怡泰大厦,1室1厅,南, 38㎡ ,罗湖区-黄贝岭-怡泰大厦,3600 元/月
整租·红桂皇冠,1室0厅,南, 37㎡ ,罗湖区-地王-红桂皇冠,3700 元/月
整租·风格名苑,1室0厅,西, 31㎡ ,罗湖区-地王-风格名苑,4200 元/月
整租·华隆园,1室0厅,东南, 30㎡ ,罗湖区-螺岭-华隆园,2900 元/月
整租·田贝花园,1室0厅,西北, 23㎡ ,罗湖区-洪湖-田贝花园,2400 元/月
整租·联城美园,1室0厅,东, 28㎡ ,罗湖区-春风路-联城美园,3500 元/月
合租·经典家园,3居室,北卧, 10㎡ ,罗湖区-地王-经典家园,2660 元/月
整租·怡泰大厦,1室1厅,东, 30㎡ ,罗湖区-黄贝岭-怡泰大厦,3500 元/月
合租·碧湖花园,4居室,北卧, 11㎡ ,罗湖区-洪湖-碧湖花园,1890 元/月
整租·钻石时代,1室0厅,南, 27㎡ ,罗湖区-春风路-钻石时代,3600 元/月
合租·合正锦湖魅力城,4居室,南卧, 9㎡ ,罗湖区-洪湖-合正锦湖魅力城,1860 元/月
合租·英丽阁,3居室,北卧, 8㎡ ,罗湖区-翠竹-英丽阁,1630 元/月
合租·嘉宝田花园,4居室,东卧, 7㎡ ,罗湖区-笋岗-嘉宝田花园,1960 元/月
整租·京基东方华都,2室1厅,东南, 38㎡ ,罗湖区-螺岭-京基东方华都,4500 元/月
合租·都市名园,3居室,西北卧, 15㎡ ,罗湖区-万象城-都市名园,2690 元/月
整租·联城美园,1室1厅,南, 35㎡ ,罗湖区-春风路-联城美园,4300 元/月
合租·东翠花园,4居室,南卧, 9㎡ ,罗湖区-银湖-东翠花园,1690 元/月
整租·金城大厦,2室1厅,西, 37㎡ ,罗湖区-春风路-金城大厦,4200 元/月
合租·英达花园,5居室,东卧, 10㎡ ,罗湖区-布心-英达花园,1860 元/月
整租·长丰苑,1室1厅,南, 43㎡ ,罗湖区-春风路-长丰苑,4000 元/月
整租·特力大厦,1室1厅,南/北, 44㎡ ,罗湖区-翠竹-特力大厦,3800 元/月
整租·宁水花园,2室2厅,南, 85㎡ ,罗湖区-黄贝岭-宁水花园,4500 元/月
整租·联城美园,1室1厅,东, 34㎡ ,罗湖区-春风路-联城美园,4500 元/月
整租·布心花园二区,3室2厅,南, 79㎡ ,罗湖区-布心-布心花园二区,4500 元/月
合租·太阳新城,3居室,南卧, 11㎡ ,罗湖区-布心-太阳新城,2190 元/月
整租·华商时代公寓,1室1厅,东, 43㎡ ,罗湖区-笋岗-华商时代公寓,3500 元/月
合租·新秀村南区,3居室,罗湖区, 12㎡ ,罗湖区-新秀-新秀村南区,1930 元/月
整租·银通金秀小区,3室1厅,东南, 74㎡ ,罗湖区-黄贝岭-银通金秀小区,4200 元/月
整租·太阳新城,1室1厅,东南, 43㎡ ,罗湖区-布心-太阳新城,4500 元/月
整租·名骏豪庭,1室1厅,北, 43㎡ ,罗湖区-莲塘-名骏豪庭,3700 元/月
整租·金色年华家园,3室1厅,复式, 36㎡ ,罗湖区-莲塘-金色年华家园,4500 元/月
整租·玉雅居,2室1厅,南, 45㎡ ,罗湖区-莲塘-玉雅居,3600 元/月
整租·梧桐山新居,1室1厅,南, 42㎡ ,罗湖区-莲塘-梧桐山新居,3100 元/月
整租·名骏豪庭,1室1厅,东北, 43㎡ ,罗湖区-莲塘-名骏豪庭,3200 元/月
合租·东乐花园,5居室,东北卧, 11㎡ ,罗湖区-百仕达-东乐花园,2090 元/月
整租·金色年华家园,2室1厅,南, 36㎡ ,罗湖区-莲塘-金色年华家园,4200 元/月
合租·贝丽花园,4居室,南卧, 10㎡ ,罗湖区-翠竹-贝丽花园,1730 元/月
整租·京基一百大厦,1室0厅,东, 33㎡ ,罗湖区-地王-京基一百大厦,4500 元/月
合租·布心花园一区,4居室,东卧, 10㎡ ,罗湖区-布心-布心花园一区,1760 元/月
整租·怡泰大厦,1室1厅,南, 32㎡ ,罗湖区-黄贝岭-怡泰大厦,2900 元/月
合租·布心花园一区,4居室,南卧, 12㎡ ,罗湖区-布心-布心花园一区,1660 元/月
合租·华瑞大厦,5居室,西卧, 9㎡ ,罗湖区-万象城-华瑞大厦,2260 元/月
合租·海关宿舍楼,4居室,北卧, 10㎡ ,罗湖区-罗湖口岸-海关宿舍楼,2030 元/月
整租·东港中心,1室1厅,西, 41㎡ ,罗湖区-东门-东港中心,4400 元/月
合租·城建小区,4居室,南卧, 11㎡ ,罗湖区-洪湖-城建小区,1930 元/月
整租·福德花园,1室1厅,西南, 39㎡ ,罗湖区-螺岭-福德花园,4500 元/月
合租·泰丽苑,4居室,南卧, 10㎡ ,罗湖区-黄贝岭-泰丽苑,1690 元/月
整租·东港中心,1室1厅,西, 29㎡ ,罗湖区-东门-东港中心,4200 元/月
合租·书院街5号大院,4居室,南卧, 11㎡ ,罗湖区-东门-书院街5号大院,1890 元/月
整租·京基东方都会,1室1厅,北, 35㎡ ,罗湖区-新秀-京基东方都会,4000 元/月
整租·京基东方都会,1室1厅,东北, 35㎡ ,罗湖区-新秀-京基东方都会,4200 元/月
整租·东港中心,1室1厅,南, 27㎡ ,罗湖区-东门-东港中心,3200 元/月
整租·鸿园居,1室1厅,西南, 45㎡ ,罗湖区-百仕达-鸿园居,4200 元/月
整租·雍翠豪园,2室1厅,西北, 57㎡ ,罗湖区-莲塘-雍翠豪园,4500 元/月
合租·马古岭小区,4居室,南卧, 9㎡ ,罗湖区-翠竹-马古岭小区,1630 元/月
整租·东门168,1室0厅,东, 23㎡ ,罗湖区-螺岭-东门168,2800 元/月
合租·红群楼,5居室,北卧, 10㎡ ,罗湖区-地王-红群楼,1890 元/月
整租·东港中心,1室1厅,西, 29㎡ ,罗湖区-东门-东港中心,4200 元/月
整租·东港中心,1室1厅,东, 27㎡ ,罗湖区-东门-东港中心,3800 元/月
整租·东港中心,1室1厅,东, 27㎡ ,罗湖区-东门-东港中心,3800 元/月
整租·东港中心,1室1厅,东, 27㎡ ,罗湖区-东门-东港中心,3800 元/月
整租·旭飞华达园,1室1厅,东南, 41㎡ ,罗湖区-百仕达-旭飞华达园,4200 元/月
整租·金城华庭,1室1厅,南, 36㎡ ,罗湖区-螺岭-金城华庭,4000 元/月
整租·东门168,1室1厅,南, 42㎡ ,罗湖区-螺岭-东门168,3900 元/月
合租·星桂园,3居室,南卧, 8㎡ ,罗湖区-地王-星桂园,2590 元/月
整租·集浩大厦,1室0厅,南, 44㎡ ,罗湖区-黄贝岭-集浩大厦,4500 元/月
合租·马古岭小区,3居室,南卧, 12㎡ ,罗湖区-翠竹-马古岭小区,2190 元/月
整租·东港中心,1室1厅,东, 34㎡ ,罗湖区-东门-东港中心,4500 元/月
合租·马古岭小区,3居室,东卧, 11㎡ ,罗湖区-翠竹-马古岭小区,1860 元/月
整租·东港中心,1室1厅,东, 24㎡ ,罗湖区-东门-东港中心,4500 元/月
合租·碧湖花园,4居室,南卧, 8㎡ ,罗湖区-洪湖-碧湖花园,1630 元/月
合租·金丽豪苑,4居室,北卧, 11㎡ ,罗湖区-翠竹-金丽豪苑,2230 元/月
合租·马古岭小区,4居室,南卧, 10㎡ ,罗湖区-翠竹-马古岭小区,1990 元/月
整租·华达园公寓,1室1厅,东南, 41㎡ ,罗湖区-百仕达-华达园公寓,4500 元/月
整租·鹏公馆,1室0厅,东南, 30㎡ ,罗湖区-翠竹-鹏公馆,4350 元/月
整租·锦绣大厦,1室1厅,南, 44㎡ ,罗湖区-螺岭-锦绣大厦,4000 元/月
合租·桃花园,4居室,南卧, 14㎡ ,罗湖区-笋岗-桃花园,2530 元/月
整租·都心名苑,1室1厅,南, 40㎡ ,罗湖区-螺岭-都心名苑,4300 元/月
整租·新秀工业区,1室1厅,东南/南, 35㎡ ,罗湖区-新秀-新秀工业区,2934 元/月
整租·金丽豪苑,1室1厅,东南, 54㎡ ,罗湖区-翠竹-金丽豪苑,4500 元/月
整租·汇泰大厦,1室0厅,北, 33㎡ ,罗湖区-罗湖口岸-汇泰大厦,4300 元/月
整租·同乐大厦,1室1厅,西南, 38㎡ ,罗湖区-东门-同乐大厦,3500 元/月
整租·罗湖金岸大厦,1室1厅,东南/北, 33㎡ ,罗湖区-罗湖口岸-罗湖金岸大厦,4200 元/月
整租·双城世纪,1室0厅,南, 32㎡ ,罗湖区-罗湖口岸-双城世纪,4100 元/月
整租·新秀工业区,1室1厅,东南/南, 35㎡ ,罗湖区-新秀-新秀工业区,2897 元/月
整租·东港中心,1室1厅,东/东南, 24㎡ ,罗湖区-东门-东港中心,3200 元/月
整租·MR.91公馆,1室1厅,北, 38㎡ ,罗湖区-笋岗-MR.91公馆,3890 元/月
整租·嘉湖新都,1室1厅,东南, 40㎡ ,罗湖区-翠竹-嘉湖新都,4200 元/月
整租·金城华庭,1室1厅,东南, 36㎡ ,罗湖区-螺岭-金城华庭,4000 元/月
整租·阳光明居,1室1厅,北, 36㎡ ,罗湖区-布心-阳光明居,3800 元/月
整租·环岛丽园,1室1厅,北, 37㎡ ,罗湖区-螺岭-环岛丽园,4300 元/月
整租·东门金座,1室1厅,南, 43㎡ ,罗湖区-东门-东门金座,4200 元/月
整租·阳光绿地家园,1室1厅,西北, 38㎡ ,罗湖区-百仕达-阳光绿地家园,4000 元/月
整租·金城华庭,1室1厅,西南, 36㎡ ,罗湖区-螺岭-金城华庭,4000 元/月
整租·MR.91公馆,1室1厅,南, 39㎡ ,罗湖区-笋岗-MR.91公馆,4160 元/月
整租·京基东方华都,1室1厅,东北, 40㎡ ,罗湖区-螺岭-京基东方华都,4300 元/月
整租·幸福华府,1室0厅,东, 41㎡ ,罗湖区-地王-幸福华府,3800 元/月
整租·旭飞华达园,1室1厅,南, 36㎡ ,罗湖区-百仕达-旭飞华达园,3600 元/月
整租·置地逸轩,1室1厅,东南, 30㎡ ,罗湖区-春风路-置地逸轩,4200 元/月
整租·金迪名苑,1室1厅,西北, 36㎡ ,罗湖区-布心-金迪名苑,3800 元/月
整租·金丽豪苑,1室1厅,南, 43㎡ ,罗湖区-翠竹-金丽豪苑,4430 元/月
整租·华隆园,1室1厅,北, 30㎡ ,罗湖区-螺岭-华隆园,3760 元/月
整租·庐山花园,1室1厅,西, 45㎡ ,罗湖区-罗湖口岸-庐山花园,4390 元/月
整租·愉天小区,1室0厅,东南, 29㎡ ,罗湖区-翠竹-愉天小区,3000 元/月
合租·龙屋小区,3居室,南卧, 13㎡ ,罗湖区-翠竹-龙屋小区,2160 元/月
整租·京基东方华都,1室0厅,东, 32㎡ ,罗湖区-螺岭-京基东方华都,3700 元/月
合租·桃花园,3居室,南卧, 15㎡ ,罗湖区-笋岗-桃花园,2660 元/月
整租·京基东方都会,1室0厅,西, 26㎡ ,罗湖区-新秀-京基东方都会,2900 元/月
合租·南海中心,4居室,西南卧, 6㎡ ,罗湖区-东门-南海中心,1830 元/月
整租·海洋大厦,1室0厅,西北, 45㎡ ,罗湖区-黄贝岭-海洋大厦,4000 元/月
整租·怡泰大厦,1室1厅,东南, 35㎡ ,罗湖区-黄贝岭-怡泰大厦,3500 元/月
整租·东门天下,1室0厅,东, 35㎡ ,罗湖区-东门-东门天下,3800 元/月
整租·东门金座,1室1厅,北, 35㎡ ,罗湖区-东门-东门金座,4000 元/月
整租·东门金座,1室1厅,南, 39㎡ ,罗湖区-东门-东门金座,4300 元/月
合租·星桂园,3居室,南卧, 8㎡ ,罗湖区-地王-星桂园,2590 元/月
整租·惠名花园,1室1厅,南/北, 43㎡ ,罗湖区-莲塘-惠名花园,3200 元/月
合租·景贝南小区,4居室,南卧, 11㎡ ,罗湖区-黄贝岭-景贝南小区,1690 元/月
整租·鹏瑞仙桐雅轩罗湖区,2室1厅,东南, 49㎡ ,罗湖区-莲塘-鹏瑞仙桐雅轩罗湖区,4200 元/月
整租·海洋大厦,1室0厅,东南, 45㎡ ,罗湖区-黄贝岭-海洋大厦,4000 元/月
整租·鹏公馆,1室0厅,南, 31㎡ ,罗湖区-翠竹-鹏公馆,4500 元/月
整租·鹏公馆,1室1厅,东南, 31㎡ ,罗湖区-翠竹-鹏公馆,4500 元/月
整租·金丽豪苑,1室1厅,南, 36㎡ ,罗湖区-翠竹-金丽豪苑,4300 元/月
整租·华隆园,1室0厅,南, 30㎡ ,罗湖区-螺岭-华隆园,3500 元/月
整租·朗钜御风庭,1室0厅,东南, 33㎡ ,罗湖区-黄贝岭-朗钜御风庭,3200 元/月
合租·美景大厦,3居室,北卧, 12㎡ ,罗湖区-洪湖-美景大厦,2590 元/月
整租·合正锦湖魅力城,1室0厅,东南, 34㎡ ,罗湖区-洪湖-合正锦湖魅力城,4300 元/月
合租·马古岭小区,3居室,南卧, 12㎡ ,罗湖区-翠竹-马古岭小区,2190 元/月
整租·京基东方都会,1室0厅,南, 26㎡ ,罗湖区-新秀-京基东方都会,3000 元/月
合租·嘉宝田花园,4居室,北卧, 12㎡ ,罗湖区-笋岗-嘉宝田花园,2660 元/月
整租·南方证券大厦,1室0厅,东, 32㎡ ,罗湖区-春风路-南方证券大厦,3100 元/月
合租·碧清园,3居室,北卧, 8㎡ ,罗湖区-银湖-碧清园,1960 元/月
合租·铁路小区,3居室,东卧, 10㎡ ,罗湖区-万象城-铁路小区,2260 元/月
合租·红群楼,5居室,北卧, 10㎡ ,罗湖区-地王-红群楼,1890 元/月
整租·东门168,1室0厅,东南, 27㎡ ,罗湖区-螺岭-东门168,2700 元/月
整租·东门天下,1室0厅,东南, 30㎡ ,罗湖区-东门-东门天下,3600 元/月
整租·旭飞华达园,1室0厅,北, 21㎡ ,罗湖区-百仕达-旭飞华达园,2800 元/月
整租·新秀工业区,1室1厅,东南, 35㎡ ,罗湖区-新秀-新秀工业区,2566 元/月
整租·旭飞华天苑,1室0厅,南, 15㎡ ,罗湖区-清水河-旭飞华天苑,1900 元/月
整租·ONE,39,1室1厅, 48㎡ ,罗湖区-地王-ONE-39,4500 元/月
整租·梧桐山新居,1室0厅,北, 29㎡ ,罗湖区-莲塘-梧桐山新居,2600 元/月
整租·鹏基公寓,1室0厅,南, 30㎡ ,罗湖区-莲塘-鹏基公寓,1800 元/月
整租·鹏基公寓,1室0厅,南, 31㎡ ,罗湖区-莲塘-鹏基公寓,1800 元/月
整租·鹏基公寓,1室0厅,南, 31㎡ ,罗湖区-莲塘-鹏基公寓,2000 元/月
整租·鹏基公寓,1室0厅,西南/西北, 30㎡ ,罗湖区-莲塘-鹏基公寓,1800 元/月
合租·景贝南小区,4居室,南卧, 11㎡ ,罗湖区-黄贝岭-景贝南小区,1660 元/月
整租·鹏基公寓,1室0厅,西北/北, 30㎡ ,罗湖区-莲塘-鹏基公寓,1800 元/月
合租·田苑小区,4居室,南卧, 17㎡ ,罗湖区-翠竹-田苑小区,1960 元/月
整租·城市东座,1室0厅,北, 28㎡ ,罗湖区-莲塘-城市东座,2600 元/月
整租·莲塘D小区,1室0厅,东, 30㎡ ,罗湖区-莲塘-莲塘D小区,2500 元/月
整租·鹏基公寓,1室0厅,东, 31㎡ ,罗湖区-莲塘-鹏基公寓,2000 元/月
整租·鹏基公寓,1室0厅,东, 32㎡ ,罗湖区-莲塘-鹏基公寓,1800 元/月
整租·鹏基公寓,1室0厅,北, 31㎡ ,罗湖区-莲塘-鹏基公寓,1900 元/月
整租·鹏基公寓,1室0厅,北, 31㎡ ,罗湖区-莲塘-鹏基公寓,2100 元/月
整租·鹏基公寓,1室0厅,南, 30㎡ ,罗湖区-莲塘-鹏基公寓,2000 元/月
合租·翠盈嘉园,3居室,北卧, 7㎡ ,罗湖区-洪湖-翠盈嘉园,1790 元/月
整租·鹏基公寓,1室0厅,南/北, 30㎡ ,罗湖区-莲塘-鹏基公寓,2500 元/月
合租·鸿基花园,4居室,北卧, 12㎡ ,罗湖区-布心-鸿基花园,1690 元/月
整租·鹏基公寓,1室0厅,西/西北, 30㎡ ,罗湖区-莲塘-鹏基公寓,2000 元/月
合租·东乐花园,3居室,北卧, 12㎡ ,罗湖区-百仕达-东乐花园,1890 元/月
整租·惠名花园,1室0厅,东南, 30㎡ ,罗湖区-莲塘-惠名花园,1800 元/月
合租·松泉山庄,4居室,南卧, 9㎡ ,罗湖区-布心-松泉山庄,1630 元/月
合租·龙园山庄,4居室,南卧, 15㎡ ,罗湖区-清水河-龙园山庄,2090 元/月
合租·紫荆花园,4居室,北卧, 16㎡ ,罗湖区-布心-紫荆花园,2290 元/月
整租·东港中心,1室1厅,西, 29㎡ ,罗湖区-东门-东港中心,4200 元/月
合租·华丽东村,4居室,南卧, 10㎡ ,罗湖区-黄贝岭-华丽东村,1760 元/月
整租·东港中心,1室1厅,南, 27㎡ ,罗湖区-东门-东港中心,4100 元/月
合租·新秀村南区,4居室,西卧, 13㎡ ,罗湖区-新秀-新秀村南区,1760 元/月
整租·东港中心,1室1厅,西, 34㎡ ,罗湖区-东门-东港中心,4200 元/月
合租·碧湖花园,4居室,西卧, 14㎡ ,罗湖区-洪湖-碧湖花园,2960 元/月
整租·东港中心,1室1厅,北, 27㎡ ,罗湖区-东门-东港中心,4200 元/月
整租·东港中心,1室1厅,东, 27㎡ ,罗湖区-东门-东港中心,3800 元/月
整租·东港中心,1室1厅,东, 29㎡ ,罗湖区-东门-东港中心,4200 元/月
整租·东港中心,1室1厅,东南, 27㎡ ,罗湖区-东门-东港中心,3800 元/月
整租·东港中心,1室1厅,西, 35㎡ ,罗湖区-东门-东港中心,4400 元/月
合租·中山花园大厦,5居室,南卧, 16㎡ ,罗湖区-黄贝岭-中山花园大厦,2830 元/月
整租·东港中心,1室1厅,西, 27㎡ ,罗湖区-东门-东港中心,4100 元/月
合租·128大院,5居室,南卧, 20㎡ ,罗湖区-东门-128大院,3160 元/月
整租·东港中心,1室1厅,东南, 29㎡ ,罗湖区-东门-东港中心,4200 元/月
整租·东港中心,1室1厅,北, 27㎡ ,罗湖区-东门-东港中心,3200 元/月
整租·东港中心,1室1厅,北, 35㎡ ,罗湖区-东门-东港中心,4500 元/月
整租·东港中心,1室1厅,东, 29㎡ ,罗湖区-东门-东港中心,4200 元/月
整租·东港中心,1室1厅,东, 29㎡ ,罗湖区-东门-东港中心,4200 元/月
整租·金丽豪苑,1室1厅,南/北, 40㎡ ,罗湖区-翠竹-金丽豪苑,4300 元/月
整租·日豪名园,2室1厅,南, 60㎡ ,罗湖区-地王-日豪名园,4800 元/月
整租·新秀工业区,1室1厅,东/东南, 35㎡ ,罗湖区-新秀-新秀工业区,2850 元/月
整租·汇泰大厦,1室0厅,北, 33㎡ ,罗湖区-罗湖口岸-汇泰大厦,4000 元/月
整租·红岗花园,1室0厅,南, 40㎡ ,罗湖区-清水河-红岗花园,3100 元/月
整租·大中华汇展阁,1室0厅,东, 43㎡ ,罗湖区-罗湖口岸-大中华汇展阁,4500 元/月
合租·和平广场,4居室,南卧, 9㎡ ,罗湖区-地王-和平广场,3230 元/月
整租·今日家园,2室1厅,复式, 62㎡ ,罗湖区-布心-今日家园,5200 元/月
整租·海洋大厦,1室1厅,南, 35㎡ ,罗湖区-黄贝岭-海洋大厦,4230 元/月
整租·桂花大厦,1室1厅,南, 25㎡ ,罗湖区-地王-桂花大厦,3705 元/月
整租·TCL雅馨居,1室1厅,北, 32㎡ ,罗湖区-地王-TCL雅馨居,3860 元/月
整租·公路局大院,1室0厅,东/东南/南/西南, 20㎡ ,罗湖区-翠竹-公路局大院,2500 元/月
合租·经典家园,4居室,西卧, 9㎡ ,罗湖区-地王-经典家园,1890 元/月
整租·东门168,1室0厅,东/东南, 22㎡ ,罗湖区-螺岭-东门168,2500 元/月
合租·通发花园,5居室,北卧, 11㎡ ,罗湖区-新秀-通发花园,2230 元/月
整租·源兴居,1室0厅,北, 21㎡ ,罗湖区-洪湖-源兴居,2600 元/月
合租·新秀村南区,5居室,南卧, 15㎡ ,罗湖区-新秀-新秀村南区,2430 元/月
整租·名都大厦,1室1厅,东, 21㎡ ,罗湖区-螺岭-名都大厦,1900 元/月
整租·聚福花园,3室2厅,南, 78㎡ ,罗湖区-莲塘-聚福花园,3900 元/月
整租·梧桐山新居,2室1厅,南, 64㎡ ,罗湖区-莲塘-梧桐山新居,4200 元/月
整租·星湖花园,1室1厅,东, 44㎡ ,罗湖区-银湖-星湖花园,4500 元/月
整租·聚龙大厦,1室1厅,北, 39㎡ ,罗湖区-螺岭-聚龙大厦,4000 元/月
合租·湖景花园,4居室,西卧, 11㎡ ,罗湖区-洪湖-湖景花园,2590 元/月
整租·龙园山庄,2室2厅,南, 76㎡ ,罗湖区-清水河-龙园山庄,4000 元/月
合租·新秀村南区,3居室,南卧, 11㎡ ,罗湖区-新秀-新秀村南区,1730 元/月
整租·龙园山庄,2室1厅,东南, 68㎡ ,罗湖区-清水河-龙园山庄,4300 元/月
整租·雅仕居,1室0厅,西, 25㎡ ,罗湖区-清水河-雅仕居,2600 元/月
整租·旭飞华达园,1室0厅,西北, 21㎡ ,罗湖区-百仕达-旭飞华达园,2800 元/月
整租·仙桐御景,2室1厅,北, 65㎡ ,罗湖区-莲塘-仙桐御景,4500 元/月
整租·渔景大厦,1室0厅,东南, 105㎡ ,罗湖区-罗湖口岸-渔景大厦,3600 元/月
整租·嘉湖新都,1室1厅,东, 32㎡ ,罗湖区-翠竹-嘉湖新都,3800 元/月
整租·京基东方华都,1室1厅,东南, 40㎡ ,罗湖区-螺岭-京基东方华都,4200 元/月
合租·华丽西村,4居室,南卧, 24㎡ ,罗湖区-螺岭-华丽西村,2160 元/月
整租·旭飞华天苑,2室1厅,南, 53㎡ ,罗湖区-清水河-旭飞华天苑,3800 元/月
合租·颖隆大厦,5居室,东北卧, 7㎡ ,罗湖区-布心-颖隆大厦,1660 元/月
整租·文星花园,1室1厅,东南, 36㎡ ,罗湖区-春风路-文星花园,3800 元/月
合租·新秀村南区,4居室,南卧, 12㎡ ,罗湖区-新秀-新秀村南区,1760 元/月
整租·嘉湖新都,1室1厅,南, 32㎡ ,罗湖区-翠竹-嘉湖新都,4000 元/月
合租·田苑小区,4居室,东卧, 9㎡ ,罗湖区-翠竹-田苑小区,1630 元/月
合租·桃花园,3居室,北卧, 8㎡ ,罗湖区-笋岗-桃花园,1960 元/月
合租·罗湖金岸大厦,4居室,西卧, 7㎡ ,罗湖区-罗湖口岸-罗湖金岸大厦,1890 元/月
整租·大地花园,1室1厅,北, 49㎡ ,罗湖区-布心-大地花园,4100 元/月
合租·金湖花园A区,4居室,北卧, 8㎡ ,罗湖区-银湖-金湖花园A区,1790 元/月
整租·罗湖大厦,2室1厅,南/北, 41㎡ ,罗湖区-春风路-罗湖大厦,4300 元/月
合租·华丽东村,3居室,南卧, 13㎡ ,罗湖区-黄贝岭-华丽东村,2090 元/月
整租·长丰苑,1室1厅,北, 44㎡ ,罗湖区-春风路-长丰苑,4100 元/月
合租·君逸华府,4居室,北卧, 8㎡ ,罗湖区-布心-君逸华府,1860 元/月
整租·怡泰大厦,1室1厅,西, 56㎡ ,罗湖区-黄贝岭-怡泰大厦,4500 元/月
整租·金丽豪苑,1室1厅,东南, 41㎡ ,罗湖区-翠竹-金丽豪苑,4200 元/月
整租·金丽豪苑,1室1厅,北, 40㎡ ,罗湖区-翠竹-金丽豪苑,4000 元/月
整租·东港中心,1室1厅,南, 27㎡ ,罗湖区-东门-东港中心,4200 元/月
整租·京基东方都会,1室1厅,东, 35㎡ ,罗湖区-新秀-京基东方都会,4000 元/月
合租·景贝北小区,4居室,东北卧, 12㎡ ,罗湖区-黄贝岭-景贝北小区,1890 元/月
整租·广西外贸住宅小区,1室1厅,南, 45㎡ ,罗湖区-春风路-广西外贸住宅小区,4000 元/月
合租·松泉山庄,5居室,南卧, 11㎡ ,罗湖区-布心-松泉山庄,1760 元/月
整租·华达园公寓,1室1厅,东南, 41㎡ ,罗湖区-百仕达-华达园公寓,4500 元/月
整租·汇泰大厦,1室0厅,北, 33㎡ ,罗湖区-罗湖口岸-汇泰大厦,4300 元/月
整租·太阳新城,1室1厅,南, 42㎡ ,罗湖区-布心-太阳新城,4300 元/月
整租·嘉湖新都,1室1厅,北, 32㎡ ,罗湖区-翠竹-嘉湖新都,4000 元/月
整租·锦绣大厦,1室1厅,南, 44㎡ ,罗湖区-螺岭-锦绣大厦,4000 元/月
整租·都心名苑,1室1厅,南, 40㎡ ,罗湖区-螺岭-都心名苑,4300 元/月
整租·金城华庭,1室1厅,东南, 39㎡ ,罗湖区-螺岭-金城华庭,4300 元/月
合租·东乐花园,5居室,北卧, 10㎡ ,罗湖区-百仕达-东乐花园,2090 元/月
整租·华隆园,1室1厅,东, 39㎡ ,罗湖区-螺岭-华隆园,4200 元/月
合租·金景花园,3居室,南卧, 11㎡ ,罗湖区-银湖-金景花园,1860 元/月
整租·华隆园,1室1厅,西南, 42㎡ ,罗湖区-螺岭-华隆园,4300 元/月
合租·华丽花园,4居室,南卧, 11㎡ ,罗湖区-螺岭-华丽花园,2390 元/月
整租·京基东方都会,1室1厅,西, 36㎡ ,罗湖区-新秀-京基东方都会,3900 元/月
合租·果园东,4居室,北卧, 14㎡ ,罗湖区-地王-果园东,2160 元/月
合租·东门天下,2居室,西卧, 9㎡ ,罗湖区-东门-东门天下,2830 元/月
整租·鹏公馆,1室0厅,东南, 30㎡ ,罗湖区-翠竹-鹏公馆,4350 元/月
整租·星桂园,1室0厅,东, 27㎡ ,罗湖区-地王-星桂园,3700 元/月
合租·颖隆大厦,4居室,南卧, 10㎡ ,罗湖区-布心-颖隆大厦,1930 元/月
整租·特力大厦,2室1厅,东, 48㎡ ,罗湖区-翠竹-特力大厦,3500 元/月
合租·龙屋小区,3居室,南卧, 16㎡ ,罗湖区-翠竹-龙屋小区,2360 元/月
整租·港莲一村,3室2厅,东, 84㎡ ,罗湖区-莲塘-港莲一村,4000 元/月
合租·铁路小区,4居室,南卧, 9㎡ ,罗湖区-万象城-铁路小区,1930 元/月
整租·祥和花园二期,1室1厅,东/东南, 58㎡ ,罗湖区-莲塘-祥和花园二期,4000 元/月
整租·都心名苑,1室1厅,南, 40㎡ ,罗湖区-螺岭-都心名苑,4300 元/月
整租·鹏公馆,1室1厅,东, 30㎡ ,罗湖区-翠竹-鹏公馆,4200 元/月
整租·大地花园,2室1厅,东南, 50㎡ ,罗湖区-布心-大地花园,4500 元/月
整租·华隆园,1室1厅,东南, 39㎡ ,罗湖区-螺岭-华隆园,3600 元/月
合租·碧岭华庭,3居室,东卧, 12㎡ ,罗湖区-布心-碧岭华庭,2290 元/月
整租·南方证券大厦,1室0厅,南, 32㎡ ,罗湖区-春风路-南方证券大厦,3000 元/月
合租·罗湖金岸大厦,4居室,北卧, 5㎡ ,罗湖区-罗湖口岸-罗湖金岸大厦,1690 元/月
整租·双城世纪,1室1厅,北, 32㎡ ,罗湖区-罗湖口岸-双城世纪,4300 元/月
整租·华商时代公寓,1室1厅,东, 43㎡ ,罗湖区-笋岗-华商时代公寓,3800 元/月
整租·东门168,1室0厅,东南, 27㎡ ,罗湖区-螺岭-东门168,3100 元/月
整租·港岛银座,1室0厅,西北, 41㎡ ,罗湖区-地王-港岛银座,4200 元/月
整租·麟腾苑二期,1室0厅,东南, 21㎡ ,罗湖区-布心-麟腾苑二期,2800 元/月
整租·洪湖大厦,1室0厅,西北, 32㎡ ,罗湖区-东门-洪湖大厦,2800 元/月
整租·城市东座,2室1厅,东, 49㎡ ,罗湖区-莲塘-城市东座,4000 元/月
合租·西湖花园,4居室,西南卧, 8㎡ ,罗湖区-地王-西湖花园,1860 元/月
整租·鹏城花园,3室1厅,南, 81㎡ ,罗湖区-布心-鹏城花园,4500 元/月
合租·中海天钻,5居室,南卧, 10㎡ ,罗湖区-万象城-中海天钻,2490 元/月
整租·红桂皇冠,1室0厅,西, 27㎡ ,罗湖区-地王-红桂皇冠,3300 元/月
合租·深业东岭,5居室,西卧, 8㎡ ,罗湖区-黄贝岭-深业东岭,1990 元/月
整租·MR.91公馆,1室0厅,北, 38㎡ ,罗湖区-笋岗-MR.91公馆,3500 元/月
合租·长丰苑,3居室,南卧, 8㎡ ,罗湖区-春风路-长丰苑,2090 元/月
整租·新秀工业区,1室1厅,北, 35㎡ ,罗湖区-新秀-新秀工业区,2933 元/月
整租·幸福华府,1室0厅,南, 46㎡ ,罗湖区-地王-幸福华府,4000 元/月
整租·源兴居,1室0厅,南, 21㎡ ,罗湖区-洪湖-源兴居,2600 元/月
合租·田苑小区,4居室,北卧, 9㎡ ,罗湖区-翠竹-田苑小区,1630 元/月
整租·能源宿舍,3室0厅,东南, 113㎡ ,罗湖区-地王-能源宿舍,2000 元/月
合租·深业东岭,5居室,西卧, 13㎡ ,罗湖区-黄贝岭-深业东岭,2590 元/月
整租·松园南小区,1室0厅,南, 20㎡ ,罗湖区-地王-松园南小区,1800 元/月
合租·雍翠华府,4居室,东卧, 7㎡ ,罗湖区-布心-雍翠华府,1660 元/月
整租·银晖名居,1室0厅,北, 27㎡ ,罗湖区-银湖-银晖名居,2400 元/月
整租·碧湖花园,1室1厅,复式, 14㎡ ,罗湖区-洪湖-碧湖花园,2200 元/月
整租·怡都大厦,1室1厅,南, 94㎡ ,罗湖区-罗湖口岸-怡都大厦,2200 元/月
整租·源兴居,1室0厅,东南, 21㎡ ,罗湖区-洪湖-源兴居,2400 元/月
整租·华达园公寓,1室0厅,北, 29㎡ ,罗湖区-百仕达-华达园公寓,2500 元/月
整租·同乐大厦,1室0厅,东, 18㎡ ,罗湖区-东门-同乐大厦,1700 元/月
合租·128大院,1居室,南卧, 144㎡ ,罗湖区-东门-128大院,2200 元/月
整租·同乐大厦,1室0厅,东北, 20㎡ ,罗湖区-东门-同乐大厦,2000 元/月
整租·中贸大厦,1室1厅,东南, 35㎡ ,罗湖区-笋岗-中贸大厦,2500 元/月
整租·中南小区,1室0厅,南, 20㎡ ,罗湖区-地王-中南小区,1950 元/月
整租·128大院,1室0厅,东, 20㎡ ,罗湖区-东门-128大院,2300 元/月
整租·景贝南小区,1室0厅,南/北, 15㎡ ,罗湖区-黄贝岭-景贝南小区,1800 元/月
整租·旭飞华达园,1室0厅,北, 23㎡ ,罗湖区-百仕达-旭飞华达园,2500 元/月
整租·128大院,1室0厅,南, 25㎡ ,罗湖区-东门-128大院,2100 元/月
整租·海丰苑大厦,1室0厅,东南, 50㎡ ,罗湖区-春风路-海丰苑大厦,1800 元/月
合租·祥宝楼,2居室,东卧, 11㎡ ,罗湖区-地王-祥宝楼,2490 元/月
整租·贝丽花园,1室0厅,北, 91㎡ ,罗湖区-翠竹-贝丽花园,1400 元/月
整租·田贝花园,1室0厅,西北, 25㎡ ,罗湖区-洪湖-田贝花园,2400 元/月
整租·碧湖花园,1室1厅,南, 23㎡ ,罗湖区-洪湖-碧湖花园,2600 元/月
合租·裕安花园,3居室,北卧, 10㎡ ,罗湖区-罗湖口岸-裕安花园,1830 元/月
整租·华商时代公寓,1室0厅,南, 23㎡ ,罗湖区-笋岗-华商时代公寓,2500 元/月
合租·大信大厦,4居室,西卧, 7㎡ ,罗湖区-地王-大信大厦,1660 元/月
合租·贝丽花园,4居室,南卧, 8㎡ ,罗湖区-翠竹-贝丽花园,1660 元/月
合租·景贝南小区,4居室,南卧, 11㎡ ,罗湖区-黄贝岭-景贝南小区,1890 元/月
整租·银座金钻,1室1厅,西北, 44㎡ ,罗湖区-春风路-银座金钻,5000 元/月
合租·太白居,3居室,南卧, 12㎡ ,罗湖区-布心-太白居,2230 元/月
整租·兴业大厦,3室1厅,南, 59㎡ ,罗湖区-春风路-兴业大厦,5300 元/月
合租·泰和花园,4居室,北卧, 8㎡ ,罗湖区-布心-泰和花园,1690 元/月
整租·骏庭名园,1室1厅,西, 51㎡ ,罗湖区-地王-骏庭名园,5000 元/月
合租·鹏城花园,4居室,东卧, 10㎡ ,罗湖区-布心-鹏城花园,1690 元/月
整租·港澳8号,1室1厅,南, 43㎡ ,罗湖区-东门-港澳8号,4500 元/月
整租·金城大厦,2室1厅,东南, 46㎡ ,罗湖区-春风路-金城大厦,5000 元/月
整租·金城大厦,2室1厅,南, 46㎡ ,罗湖区-春风路-金城大厦,4500 元/月
整租·城市天地广场,1室1厅,西南, 59㎡ ,罗湖区-万象城-城市天地广场,4800 元/月
整租·祥福雅居,1室1厅,西, 43㎡ ,罗湖区-笋岗-祥福雅居,4500 元/月
合租·华丽西村,4居室,南卧, 12㎡ ,罗湖区-螺岭-华丽西村,1690 元/月
整租·南塘物业小区,2室1厅,东南, 64㎡ ,罗湖区-东门-南塘物业小区,5000 元/月
合租·布心花园二区,4居室,北卧, 11㎡ ,罗湖区-布心-布心花园二区,1930 元/月
整租·南塘物业小区,2室1厅,南, 55㎡ ,罗湖区-东门-南塘物业小区,5000 元/月
整租·华裕花园,2室1厅,东, 50㎡ ,罗湖区-螺岭-华裕花园,4500 元/月
整租·风格名苑,1室1厅,南, 53㎡ ,罗湖区-地王-风格名苑,5500 元/月
整租·旺业豪苑,2室1厅,南, 52㎡ ,罗湖区-东门-旺业豪苑,4800 元/月
整租·梧桐苑,3室1厅,东南, 90㎡ ,罗湖区-莲塘-梧桐苑,5200 元/月
整租·梧桐苑,3室1厅,东南, 85㎡ ,罗湖区-莲塘-梧桐苑,5500 元/月
整租·鹏兴花园一期,3室1厅,南, 103㎡ ,罗湖区-莲塘-鹏兴花园一期,5400 元/月
合租·松泉山庄,3居室,东卧, 21㎡ ,罗湖区-布心-松泉山庄,2390 元/月
整租·祥和花园,2室1厅,南, 74㎡ ,罗湖区-莲塘-祥和花园,4800 元/月
合租·洪湖花园,4居室,西北卧, 10㎡ ,罗湖区-洪湖-洪湖花园,1990 元/月
整租·金色年华家园,2室1厅,南, 65㎡ ,罗湖区-莲塘-金色年华家园,5300 元/月
合租·洪湖花园,4居室,东北卧, 11㎡ ,罗湖区-洪湖-洪湖花园,2230 元/月
整租·银田花园,2室2厅,东南, 85㎡ ,罗湖区-银湖-银田花园,5500 元/月
合租·洪湖花园,4居室,北卧, 10㎡ ,罗湖区-洪湖-洪湖花园,1890 元/月
合租·华丽西村,4居室,北卧, 11㎡ ,罗湖区-螺岭-华丽西村,1630 元/月
合租·龙屋小区,3居室,南卧, 13㎡ ,罗湖区-翠竹-龙屋小区,2190 元/月
整租·都心名苑,1室1厅,南, 40㎡ ,罗湖区-螺岭-都心名苑,4200 元/月
整租·港澳8号,1室1厅,北, 30㎡ ,罗湖区-东门-港澳8号,4260 元/月
整租·鹏公馆,1室0厅,西南, 37㎡ ,罗湖区-翠竹-鹏公馆,4500 元/月
整租·仙湖枫景家园,1室1厅,东, 38㎡ ,罗湖区-莲塘-仙湖枫景家园,3890 元/月
整租·合正锦湖魅力城,1室0厅,东, 39㎡ ,罗湖区-洪湖-合正锦湖魅力城,4000 元/月
整租·南方证券大厦,1室0厅,南, 32㎡ ,罗湖区-春风路-南方证券大厦,2900 元/月
整租·东门天下,1室0厅,南, 35㎡ ,罗湖区-东门-东门天下,3400 元/月
整租·鹏公馆,1室0厅,南, 21㎡ ,罗湖区-翠竹-鹏公馆,3500 元/月
整租·京基东方都会,1室1厅,西, 36㎡ ,罗湖区-新秀-京基东方都会,4000 元/月
整租·都心名苑,1室1厅,南, 40㎡ ,罗湖区-螺岭-都心名苑,4200 元/月
整租·东港中心,1室1厅,西, 29㎡ ,罗湖区-东门-东港中心,4500 元/月
整租·置地逸轩,1室1厅,南, 22㎡ ,罗湖区-春风路-置地逸轩,4000 元/月
整租·东悦名轩,1室1厅,南, 35㎡ ,罗湖区-东门-东悦名轩,4200 元/月
整租·置地逸轩,1室1厅,北, 29㎡ ,罗湖区-春风路-置地逸轩,4000 元/月
整租·缤纷时代家园,1室0厅,南, 28㎡ ,罗湖区-螺岭-缤纷时代家园,3500 元/月
整租·东港中心,1室1厅,东, 24㎡ ,罗湖区-东门-东港中心,4100 元/月
整租·金丽豪苑,1室1厅,南, 54㎡ ,罗湖区-翠竹-金丽豪苑,4500 元/月
整租·鹏公馆,1室1厅,东, 30㎡ ,罗湖区-翠竹-鹏公馆,4500 元/月
整租·金丽豪苑,1室1厅,西, 42㎡ ,罗湖区-翠竹-金丽豪苑,4200 元/月
整租·联城美园,1室1厅,东/东南, 35㎡ ,罗湖区-春风路-联城美园,4500 元/月
整租·长丰苑,1室1厅,东南, 46㎡ ,罗湖区-春风路-长丰苑,4200 元/月
整租·田贝新村,2室1厅,东, 65㎡ ,罗湖区-洪湖-田贝新村,3600 元/月
整租·京基东方都会,1室1厅,东南, 35㎡ ,罗湖区-新秀-京基东方都会,4000 元/月
整租·田贝花园,1室1厅,东, 43㎡ ,罗湖区-洪湖-田贝花园,3450 元/月
整租·金城华庭,1室1厅,北, 39㎡ ,罗湖区-螺岭-金城华庭,4000 元/月
整租·田贝新村,2室1厅,东, 63㎡ ,罗湖区-洪湖-田贝新村,3600 元/月
整租·旭飞华达园,1室1厅,南, 38㎡ ,罗湖区-百仕达-旭飞华达园,4000 元/月
整租·东门天下,1室1厅,东, 36㎡ ,罗湖区-东门-东门天下,4130 元/月
合租·通发花园,4居室,东南卧, 9㎡ ,罗湖区-新秀-通发花园,1730 元/月
合租·深宝住宅区,3居室,南卧, 14㎡ ,罗湖区-翠竹-深宝住宅区,2090 元/月
整租·碧湖花园,1室1厅,东南, 24㎡ ,罗湖区-洪湖-碧湖花园,3000 元/月
合租·中海天钻,5居室,西卧, 5㎡ ,罗湖区-万象城-中海天钻,1760 元/月
整租·渔景大厦,1室0厅,东南, 105㎡ ,罗湖区-罗湖口岸-渔景大厦,3600 元/月
合租·锦星花园,3居室,南卧, 12㎡ ,罗湖区-黄贝岭-锦星花园,1990 元/月
整租·翠珠小区,1室1厅,北, 30㎡ ,罗湖区-翠竹-翠珠小区,3000 元/月
合租·曦龙山庄,5居室,复式, 12㎡ ,罗湖区-新秀-曦龙山庄,1880 元/月
整租·京基东方华都,1室1厅,东南, 40㎡ ,罗湖区-螺岭-京基东方华都,4200 元/月
整租·嘉湖新都,1室1厅,南, 32㎡ ,罗湖区-翠竹-嘉湖新都,4000 元/月
整租·文星花园,1室1厅,东南, 36㎡ ,罗湖区-春风路-文星花园,3800 元/月
整租·旭飞华天苑,2室1厅,南, 53㎡ ,罗湖区-清水河-旭飞华天苑,3800 元/月
整租·谱心苑,2室1厅,南, 59㎡ ,罗湖区-布心-谱心苑,4000 元/月
合租·云峰花园,4居室,南卧, 12㎡ ,罗湖区-春风路-云峰花园,1980 元/月
整租·青橙时代,2室1厅,西南, 37㎡ ,罗湖区-布心-青橙时代,4100 元/月
合租·中海天钻,5居室,东卧, 7㎡ ,罗湖区-万象城-中海天钻,2160 元/月
整租·嘉湖新都,1室1厅,东, 32㎡ ,罗湖区-翠竹-嘉湖新都,3800 元/月
整租·新秀村南区,2室1厅,东南/南, 70㎡ ,罗湖区-新秀-新秀村南区,4200 元/月
整租·金湖山庄,2室1厅,东南, 58㎡ ,罗湖区-银湖-金湖山庄,4200 元/月
整租·京基东方都会,1室1厅,西, 35㎡ ,罗湖区-新秀-京基东方都会,4000 元/月
整租·翡翠园,1室1厅,东, 42㎡ ,罗湖区-布心-翡翠园,3500 元/月
整租·湖心大厦,2室1厅,西南, 43㎡ ,罗湖区-春风路-湖心大厦,4300 元/月
整租·海丰苑大厦,1室0厅,东南, 19㎡ ,罗湖区-春风路-海丰苑大厦,3500 元/月
合租·128大院,4居室,西卧, 10㎡ ,罗湖区-东门-128大院,1790 元/月
整租·景贝南小区,3室1厅,南, 83㎡ ,罗湖区-黄贝岭-景贝南小区,4300 元/月
合租·大塘垅小区,4居室,南卧, 11㎡ ,罗湖区-地王-大塘垅小区,1760 元/月
整租·碧湖花园,1室1厅,南, 50㎡ ,罗湖区-洪湖-碧湖花园,4500 元/月
合租·果园东,4居室,北卧, 9㎡ ,罗湖区-地王-果园东,1790 元/月
整租·大地花园,1室1厅,南, 51㎡ ,罗湖区-布心-大地花园,3600 元/月
合租·双城世纪,3居室,南卧, 8㎡ ,罗湖区-罗湖口岸-双城世纪,2490 元/月
合租·东乐花园,4居室,南卧, 13㎡ ,罗湖区-百仕达-东乐花园,2190 元/月
整租·莲塘D小区,1室0厅,南/北, 35㎡ ,罗湖区-莲塘-莲塘D小区,1800 元/月
整租·笋岗大厦,1室0厅,东南, 26㎡ ,罗湖区-笋岗-笋岗大厦,3000 元/月
合租·华丽东村,5居室,东卧, 9㎡ ,罗湖区-黄贝岭-华丽东村,1660 元/月
整租·建设集团宿舍,1室0厅,南, 30㎡ ,罗湖区-地王-建设集团宿舍,2900 元/月
合租·祥和花园,4居室,南卧, 14㎡ ,罗湖区-莲塘-祥和花园,1790 元/月
整租·福德花园,1室1厅,南, 42㎡ ,罗湖区-螺岭-福德花园,4200 元/月
合租·名骏豪庭,3居室,南卧, 9㎡ ,罗湖区-莲塘-名骏豪庭,1790 元/月
整租·金城华庭,1室1厅,西南, 38㎡ ,罗湖区-螺岭-金城华庭,4500 元/月
整租·东港中心,1室1厅,东, 41㎡ ,罗湖区-东门-东港中心,4500 元/月
整租·阳光新干线家园,1室1厅,东, 39㎡ ,罗湖区-春风路-阳光新干线家园,4500 元/月
整租·福德花园,1室1厅,东南/南, 39㎡ ,罗湖区-螺岭-福德花园,4000 元/月
整租·东港中心,1室1厅,东, 41㎡ ,罗湖区-东门-东港中心,4400 元/月
整租·国际名园,1室1厅,西, 24㎡ ,罗湖区-春风路-国际名园,3390 元/月
整租·东港中心,1室1厅,东, 29㎡ ,罗湖区-东门-东港中心,4100 元/月
独栋·窝巢梦享社区,洪湖店,灵魂蓝调, 25㎡ ,,3500 元/月
整租·翠园十六巷,1室1厅,东南, 77㎡ ,罗湖区-螺岭-翠园十六巷,3000 元/月
整租·海洋大厦,1室1厅,南, 40㎡ ,罗湖区-黄贝岭-海洋大厦,4500 元/月
整租·东港中心,1室1厅,南, 36㎡ ,罗湖区-东门-东港中心,4500 元/月
整租·华隆园,1室1厅,东南, 44㎡ ,罗湖区-螺岭-华隆园,4200 元/月
整租·鹏公馆,1室0厅,东南, 36㎡ ,罗湖区-翠竹-鹏公馆,4500 元/月
整租·嘉湖新都,1室1厅,东南/北, 32㎡ ,罗湖区-翠竹-嘉湖新都,4000 元/月
整租·大地花园,1室1厅,北, 49㎡ ,罗湖区-布心-大地花园,4100 元/月
合租·翠华花园,4居室,南卧, 8㎡ ,罗湖区-黄贝岭-翠华花园,2090 元/月
整租·罗湖大厦,2室1厅,南/北, 41㎡ ,罗湖区-春风路-罗湖大厦,4300 元/月
合租·邮电大院,3居室,东卧, 10㎡ ,罗湖区-洪湖-邮电大院,2030 元/月
整租·东港中心,1室1厅,南, 35㎡ ,罗湖区-东门-东港中心,3200 元/月
合租·洪湖花园,4居室,北卧, 11㎡ ,罗湖区-洪湖-洪湖花园,1890 元/月
整租·广西外贸住宅小区,1室1厅,南, 45㎡ ,罗湖区-春风路-广西外贸住宅小区,4000 元/月
合租·龙屋小区,4居室,北卧, 14㎡ ,罗湖区-翠竹-龙屋小区,2090 元/月
合租·新港鸿花园,5居室,北卧, 10㎡ ,罗湖区-百仕达-新港鸿花园,1890 元/月
合租·新港鸿花园,5居室,南卧, 9㎡ ,罗湖区-百仕达-新港鸿花园,1960 元/月
整租·公路局大院,1室1厅,南, 25㎡ ,罗湖区-翠竹-公路局大院,2280 元/月
合租·宁水花园,4居室,南卧, 12㎡ ,罗湖区-黄贝岭-宁水花园,1630 元/月
整租·翡翠公寓,2室1厅,南, 34㎡ ,罗湖区-翠竹-翡翠公寓,2500 元/月
合租·景贝南小区,4居室,南卧, 11㎡ ,罗湖区-黄贝岭-景贝南小区,1690 元/月
整租·怡泰大厦,1室1厅,南, 34㎡ ,罗湖区-黄贝岭-怡泰大厦,2700 元/月
整租·田贝花园,1室0厅,南, 25㎡ ,罗湖区-洪湖-田贝花园,2300 元/月
整租·源兴居,0室0厅,北, 24㎡ ,罗湖区-洪湖-源兴居,2500 元/月
整租·中航凯特公寓,1室0厅,东南/南, 26㎡ ,罗湖区-地王-中航凯特公寓,2800 元/月
整租·依仙湖居,1室0厅,南, 32㎡ ,罗湖区-莲塘-依仙湖居,2300 元/月
整租·富达花园,1室1厅,南/西北, 30㎡ ,罗湖区-莲塘-富达花园,2500 元/月
整租·怡泰大厦,1室1厅,东南, 27㎡ ,罗湖区-黄贝岭-怡泰大厦,2800 元/月
整租·田贝花园,1室0厅,西南, 20㎡ ,罗湖区-洪湖-田贝花园,2200 元/月
整租·深城公寓,1室0厅,北, 24㎡ ,罗湖区-笋岗-深城公寓,2500 元/月
整租·田贝新村,1室1厅,东, 43㎡ ,罗湖区-洪湖-田贝新村,2800 元/月
整租·东门168,1室0厅,西南, 22㎡ ,罗湖区-螺岭-东门168,2500 元/月
整租·名都大厦,3室1厅,东南, 88㎡ ,罗湖区-螺岭-名都大厦,1700 元/月
整租·旭飞华天苑,1室0厅,东南, 18㎡ ,罗湖区-清水河-旭飞华天苑,2100 元/月
整租·南塘物业小区,1室0厅,南, 22㎡ ,罗湖区-东门-南塘物业小区,2600 元/月
整租·布心花园一区,1室0厅,东南, 20㎡ ,罗湖区-布心-布心花园一区,1800 元/月
整租·庐山花园,1室0厅,东南, 8㎡ ,罗湖区-罗湖口岸-庐山花园,1600 元/月
整租·银晖名居,1室0厅,北, 27㎡ ,罗湖区-银湖-银晖名居,2400 元/月
整租·田贝花园,1室0厅,西北, 20㎡ ,罗湖区-洪湖-田贝花园,2200 元/月
整租·128大院,1室0厅,东, 20㎡ ,罗湖区-东门-128大院,2300 元/月
合租·贝丽花园,4居室,南卧, 12㎡ ,罗湖区-翠竹-贝丽花园,2230 元/月
整租·银晖名居,1室0厅,东南, 27㎡ ,罗湖区-银湖-银晖名居,2200 元/月
合租·公安局大院,4居室,南卧, 11㎡ ,罗湖区-地王-公安局大院,2330 元/月
整租·128大院,1室0厅,南, 25㎡ ,罗湖区-东门-128大院,2100 元/月
整租·红岗花园,1室0厅,南, 35㎡ ,罗湖区-清水河-红岗花园,2600 元/月
整租·田贝花园,1室0厅,南, 20㎡ ,罗湖区-洪湖-田贝花园,2200 元/月
合租·滨苑小区,3居室,南卧, 12㎡ ,罗湖区-万象城-滨苑小区,1990 元/月
整租·天越翔园,2室1厅,北, 46㎡ ,罗湖区-莲塘-天越翔园,4200 元/月
整租·金迪名苑,1室1厅,西, 26㎡ ,罗湖区-布心-金迪名苑,3390 元/月
整租·名骏豪庭,1室1厅,北, 43㎡ ,罗湖区-莲塘-名骏豪庭,3500 元/月
整租·幸福华府,1室0厅,西南, 41㎡ ,罗湖区-地王-幸福华府,4500 元/月
整租·城市东座,1室1厅,北, 37㎡ ,罗湖区-莲塘-城市东座,3300 元/月
整租·幸福华府,1室0厅,南, 43㎡ ,罗湖区-地王-幸福华府,4000 元/月
整租·培峰苑,1室0厅,南, 35㎡ ,罗湖区-布心-培峰苑,3800 元/月
整租·谱心苑,1室1厅,南, 44㎡ ,罗湖区-布心-谱心苑,3200 元/月
整租·培森大厦,1室1厅,东, 53㎡ ,罗湖区-东门-培森大厦,3500 元/月
整租·阳光新干线家园,1室1厅,南, 41㎡ ,罗湖区-春风路-阳光新干线家园,4500 元/月
整租·汇泰大厦,1室1厅,北, 33㎡ ,罗湖区-罗湖口岸-汇泰大厦,4500 元/月
整租·田贝新村,2室1厅,东, 65㎡ ,罗湖区-洪湖-田贝新村,3500 元/月
整租·旭飞华天苑,1室1厅,北, 32㎡ ,罗湖区-清水河-旭飞华天苑,3300 元/月
整租·田贝花园,1室1厅,西南, 43㎡ ,罗湖区-洪湖-田贝花园,3500 元/月
整租·松泉公寓,2室1厅,南, 56㎡ ,罗湖区-布心-松泉公寓,4500 元/月
整租·鸿翔花园,1室0厅,北, 41㎡ ,罗湖区-地王-鸿翔花园,4300 元/月
整租·京基东方都会,1室1厅,西南, 35㎡ ,罗湖区-新秀-京基东方都会,3900 元/月
整租·梧桐山新居,2室2厅,北, 59㎡ ,罗湖区-莲塘-梧桐山新居,4500 元/月
整租·东门168,1室0厅,东南, 24㎡ ,罗湖区-螺岭-东门168,3000 元/月
整租·东门金座,1室0厅,南, 29㎡ ,罗湖区-东门-东门金座,3900 元/月
整租·东门天下,1室0厅,南, 35㎡ ,罗湖区-东门-东门天下,3800 元/月
整租·翠竹苑,2室1厅,西, 48㎡ ,罗湖区-百仕达-翠竹苑,4490 元/月
整租·星桂园,1室0厅,西, 27㎡ ,罗湖区-地王-星桂园,3800 元/月
整租·华达园公寓,1室1厅,西, 29㎡ ,罗湖区-百仕达-华达园公寓,3390 元/月
整租·怡泰大厦,1室1厅,东南, 21㎡ ,罗湖区-黄贝岭-怡泰大厦,3000 元/月
整租·长丰苑,2室1厅,南, 45㎡ ,罗湖区-春风路-长丰苑,4460 元/月
整租·凤凰印象,1室0厅,东北, 30㎡ ,罗湖区-螺岭-凤凰印象,4200 元/月
合租·桂花大厦,4居室,东卧, 11㎡ ,罗湖区-地王-桂花大厦,2390 元/月
合租·龙屋小区,4居室,东卧, 10㎡ ,罗湖区-翠竹-龙屋小区,1630 元/月
合租·龙丽园,4居室,东卧, 8㎡ ,罗湖区-翠竹-龙丽园,2390 元/月
整租·京基东方华都,1室0厅,南, 32㎡ ,罗湖区-螺岭-京基东方华都,3600 元/月
合租·龙丽园,4居室,东卧, 8㎡ ,罗湖区-翠竹-龙丽园,2390 元/月
整租·凤凰印象,1室0厅,东北, 30㎡ ,罗湖区-螺岭-凤凰印象,4200 元/月
合租·锦星花园,4居室,南卧, 11㎡ ,罗湖区-黄贝岭-锦星花园,2030 元/月
整租·星桂园,1室0厅,西, 27㎡ ,罗湖区-地王-星桂园,3800 元/月
合租·碧岭华庭,5居室,北卧, 10㎡ ,罗湖区-布心-碧岭华庭,2560 元/月
整租·联城美园,1室0厅,东, 28㎡ ,罗湖区-春风路-联城美园,3600 元/月
整租·金迪名苑,1室0厅,南, 26㎡ ,罗湖区-布心-金迪名苑,3000 元/月
整租·合正锦湖魅力城,1室1厅,东, 34㎡ ,罗湖区-洪湖-合正锦湖魅力城,4400 元/月
整租·华达园公寓,1室0厅,东南, 28㎡ ,罗湖区-百仕达-华达园公寓,3000 元/月
整租·电影大厦,1室0厅,西南, 38㎡ ,罗湖区-地王-电影大厦,3400 元/月
合租·翠华花园,5居室,东卧, 14㎡ ,罗湖区-黄贝岭-翠华花园,2690 元/月
整租·红桂皇冠,1室0厅,东南, 37㎡ ,罗湖区-地王-红桂皇冠,3400 元/月
合租·碧岭华庭,5居室,北卧, 10㎡ ,罗湖区-布心-碧岭华庭,2730 元/月
整租·国际名园,1室0厅,东南, 24㎡ ,罗湖区-春风路-国际名园,3000 元/月
整租·洪湖大厦,1室0厅,北, 37㎡ ,罗湖区-东门-洪湖大厦,3000 元/月
整租·华隆园,1室0厅,东南, 39㎡ ,罗湖区-螺岭-华隆园,3600 元/月
整租·京基东方华都,1室0厅,东南, 32㎡ ,罗湖区-螺岭-京基东方华都,3500 元/月
整租·长丰苑,1室0厅,西北, 36㎡ ,罗湖区-春风路-长丰苑,4000 元/月
整租·森威大厦,1室0厅,南, 43㎡ ,罗湖区-春风路-森威大厦,3400 元/月
整租·时尚新居,1室0厅,东, 33㎡ ,罗湖区-笋岗-时尚新居,3500 元/月
合租·松泉山庄,4居室,南卧, 12㎡ ,罗湖区-布心-松泉山庄,2330 元/月
整租·愉天小区,1室0厅,南, 35㎡ ,罗湖区-翠竹-愉天小区,3000 元/月
合租·松泉山庄,4居室,南卧, 11㎡ ,罗湖区-布心-松泉山庄,2360 元/月
整租·朗钜御风庭,1室0厅,东北, 31㎡ ,罗湖区-黄贝岭-朗钜御风庭,3500 元/月
合租·君逸华府,4居室,南卧, 11㎡ ,罗湖区-布心-君逸华府,2790 元/月
整租·新银座华庭,1室0厅,北, 24㎡ ,罗湖区-罗湖口岸-新银座华庭,3200 元/月
合租·英达花园,5居室,西卧, 9㎡ ,罗湖区-布心-英达花园,2190 元/月
整租·新秀工业区,1室0厅,南, 35㎡ ,罗湖区-新秀-新秀工业区,2750 元/月
整租·幸福华府,1室1厅,南, 46㎡ ,罗湖区-地王-幸福华府,4600 元/月
整租·梧桐山新居,1室1厅,西北, 35㎡ ,罗湖区-莲塘-梧桐山新居,2800 元/月
合租·碧岭华庭,2居室,西卧, 8㎡ ,罗湖区-布心-碧岭华庭,2090 元/月
整租·莲塘D小区,1室0厅,南, 31㎡ ,罗湖区-莲塘-莲塘D小区,2200 元/月
合租·星湖花园,3居室,南卧, 10㎡ ,罗湖区-银湖-星湖花园,1790 元/月
整租·文康楼,1室0厅,南/北, 30㎡ ,罗湖区-百仕达-文康楼,2600 元/月
合租·松园南小区,3居室,南卧, 15㎡ ,罗湖区-地王-松园南小区,2290 元/月
整租·鹏基公寓,1室0厅,北, 31㎡ ,罗湖区-莲塘-鹏基公寓,1800 元/月
整租·梧桐山新居,1室0厅,南, 24㎡ ,罗湖区-莲塘-梧桐山新居,2500 元/月
整租·名都大厦,1室0厅,东南, 21㎡ ,罗湖区-螺岭-名都大厦,2100 元/月
整租·红桂皇冠,1室1厅,南, 42㎡ ,罗湖区-地王-红桂皇冠,4000 元/月
整租·京基东方都会,1室1厅,北, 35㎡ ,罗湖区-新秀-京基东方都会,3900 元/月
合租·比华利山庄,4居室,西南卧, 14㎡ ,罗湖区-布心-比华利山庄,1990 元/月
整租·京基东方华都,1室1厅,东, 40㎡ ,罗湖区-螺岭-京基东方华都,4500 元/月
合租·金盾花园,5居室,西卧, 10㎡ ,罗湖区-螺岭-金盾花园,1660 元/月
整租·绿映居,1室0厅,南, 23㎡ ,罗湖区-布心-绿映居,1800 元/月
整租·东门168,1室0厅,东, 22㎡ ,罗湖区-螺岭-东门168,2600 元/月
整租·东门168,1室0厅,西北, 19㎡ ,罗湖区-螺岭-东门168,2500 元/月
整租·雅仕居,1室0厅,北, 21㎡ ,罗湖区-清水河-雅仕居,2300 元/月
整租·中航凯特公寓,1室0厅,北, 25㎡ ,罗湖区-地王-中航凯特公寓,2600 元/月
整租·特力大厦,1室1厅,南, 33㎡ ,罗湖区-翠竹-特力大厦,2800 元/月
整租·深城公寓,1室0厅,北, 24㎡ ,罗湖区-笋岗-深城公寓,2600 元/月
合租·名骏豪庭,3居室,西卧, 11㎡ ,罗湖区-莲塘-名骏豪庭,1890 元/月
整租·洪湖大厦,1室0厅,西北, 32㎡ ,罗湖区-东门-洪湖大厦,2800 元/月
合租·锦星花园,3居室,北卧, 10㎡ ,罗湖区-黄贝岭-锦星花园,1690 元/月
整租·松泉公寓,1室0厅,南, 31㎡ ,罗湖区-布心-松泉公寓,2500 元/月
合租·星桂园,3居室,东卧, 9㎡ ,罗湖区-地王-星桂园,2360 元/月
整租·旭飞华达园,1室0厅,北, 21㎡ ,罗湖区-百仕达-旭飞华达园,2800 元/月
合租·金盾花园,5居室,北卧, 15㎡ ,罗湖区-螺岭-金盾花园,2360 元/月
整租·田贝花园,1室0厅,东北, 20㎡ ,罗湖区-洪湖-田贝花园,2400 元/月
整租·田贝花园,1室0厅,东, 20㎡ ,罗湖区-洪湖-田贝花园,2300 元/月
整租·鹏公馆,1室1厅,东南, 31㎡ ,罗湖区-翠竹-鹏公馆,4500 元/月
合租·深宝住宅区,3居室,南卧, 14㎡ ,罗湖区-翠竹-深宝住宅区,2090 元/月
整租·双城世纪,1室0厅,北, 32㎡ ,罗湖区-罗湖口岸-双城世纪,4300 元/月
合租·东乐花园,3居室,西卧, 9㎡ ,罗湖区-百仕达-东乐花园,1760 元/月
整租·培峰苑,1室0厅,南, 36㎡ ,罗湖区-布心-培峰苑,4400 元/月
合租·公路局大院,4居室,南卧, 17㎡ ,罗湖区-翠竹-公路局大院,2290 元/月
整租·鹏公馆,1室0厅,东南, 37㎡ ,罗湖区-翠竹-鹏公馆,4500 元/月
整租·建设集团宿舍,1室0厅,南, 32㎡ ,罗湖区-地王-建设集团宿舍,3100 元/月
整租·星桂园,1室0厅,东, 26㎡ ,罗湖区-地王-星桂园,3700 元/月
整租·港岛银座,1室0厅,西北, 41㎡ ,罗湖区-地王-港岛银座,4300 元/月
整租·怡泰大厦,1室1厅,南, 29㎡ ,罗湖区-黄贝岭-怡泰大厦,4500 元/月
合租·中海天钻,5居室,西卧, 9㎡ ,罗湖区-万象城-中海天钻,2360 元/月
整租·合正锦湖魅力城,1室1厅,南, 38㎡ ,罗湖区-洪湖-合正锦湖魅力城,4200 元/月
合租·都市名园,3居室,北卧, 9㎡ ,罗湖区-万象城-都市名园,2530 元/月
整租·汇泰大厦,1室0厅,北, 33㎡ ,罗湖区-罗湖口岸-汇泰大厦,4100 元/月
整租·京基东方华都,1室0厅,东北, 32㎡ ,罗湖区-螺岭-京基东方华都,3600 元/月
整租·南方证券大厦,1室0厅,东南, 65㎡ ,罗湖区-春风路-南方证券大厦,4300 元/月
整租·华隆园,1室0厅,东南, 30㎡ ,罗湖区-螺岭-华隆园,3300 元/月
整租·置地逸轩,1室0厅,南, 29㎡ ,罗湖区-春风路-置地逸轩,4300 元/月
整租·东门168,1室0厅,南, 24㎡ ,罗湖区-螺岭-东门168,2900 元/月
整租·华隆园,1室0厅,东南, 30㎡ ,罗湖区-螺岭-华隆园,3000 元/月
合租·中山花园大厦,5居室,南卧, 13㎡ ,罗湖区-黄贝岭-中山花园大厦,2330 元/月
整租·国际名园,1室0厅,南, 24㎡ ,罗湖区-春风路-国际名园,3000 元/月
合租·东晓花园,4居室,南卧, 8㎡ ,罗湖区-布心-东晓花园,1630 元/月
整租·红桂皇冠,1室1厅,南/北, 36㎡ ,罗湖区-地王-红桂皇冠,4050 元/月
合租·公路局大院,3居室,东卧, 12㎡ ,罗湖区-翠竹-公路局大院,1760 元/月
整租·时尚新居,1室0厅,东, 32㎡ ,罗湖区-笋岗-时尚新居,3200 元/月
合租·港逸豪庭,3居室,北卧, 10㎡ ,罗湖区-罗湖口岸-港逸豪庭,2460 元/月
合租·龙屋小区,3居室,南卧, 13㎡ ,罗湖区-翠竹-龙屋小区,2160 元/月
合租·桃花园,4居室,北卧, 11㎡ ,罗湖区-笋岗-桃花园,2230 元/月
整租·旭飞华天苑,2室1厅,南, 54㎡ ,罗湖区-清水河-旭飞华天苑,4200 元/月
合租·南海中心,3居室,西北卧, 8㎡ ,罗湖区-东门-南海中心,2060 元/月
整租·中华花园,2室1厅,南, 71㎡ ,罗湖区-布心-中华花园,4500 元/月
合租·太阳新城,4居室,西卧, 8㎡ ,罗湖区-布心-太阳新城,1890 元/月
整租·华隆园,1室1厅,东南, 42㎡ ,罗湖区-螺岭-华隆园,4200 元/月
合租·新银座华庭,5居室,西北卧, 6㎡ ,罗湖区-罗湖口岸-新银座华庭,1990 元/月
整租·阳光新干线家园,1室1厅,东北, 39㎡ ,罗湖区-春风路-阳光新干线家园,4200 元/月
整租·鹏公馆,1室0厅,南, 31㎡ ,罗湖区-翠竹-鹏公馆,4300 元/月
整租·鹏公馆,1室1厅,东, 30㎡ ,罗湖区-翠竹-鹏公馆,4500 元/月
整租·京基东方都会,1室1厅,东, 35㎡ ,罗湖区-新秀-京基东方都会,4500 元/月
整租·新天地名居,1室1厅,东南, 38㎡ ,罗湖区-黄贝岭-新天地名居,4500 元/月
合租·集浩花园,4居室,南卧, 8㎡ ,罗湖区-黄贝岭-集浩花园,1790 元/月
整租·愉天小区,1室1厅,南, 35㎡ ,罗湖区-翠竹-愉天小区,3700 元/月
合租·阳光新干线家园,3居室,东卧, 6㎡ ,罗湖区-春风路-阳光新干线家园,2260 元/月
整租·龙园山庄,2室1厅,南, 69㎡ ,罗湖区-清水河-龙园山庄,3800 元/月
整租·金祥都市花园,3室2厅,南, 76㎡ ,罗湖区-清水河-金祥都市花园,4300 元/月
整租·湖心大厦,2室1厅,西南/西, 43㎡ ,罗湖区-春风路-湖心大厦,4500 元/月
整租·新秀秀南街109号大院,3室1厅,西南, 87㎡ ,罗湖区-黄贝岭-新秀秀南街109号大院,4300 元/月
整租·金丽豪苑,1室1厅,西南, 40㎡ ,罗湖区-翠竹-金丽豪苑,3800 元/月
整租·怡泰大厦,1室1厅,复式, 38㎡ ,罗湖区-黄贝岭-怡泰大厦,4300 元/月
整租·怡泰大厦,1室1厅,东南, 35㎡ ,罗湖区-黄贝岭-怡泰大厦,3500 元/月
合租·田心庆云花园,3居室,东卧, 7㎡ ,罗湖区-笋岗-田心庆云花园,1890 元/月
整租·港澳8号,1室1厅,东南, 42㎡ ,罗湖区-东门-港澳8号,4500 元/月
合租·太阳新城,3居室,北卧, 10㎡ ,罗湖区-布心-太阳新城,2190 元/月
整租·洪湖大厦,1室1厅,东南, 37㎡ ,罗湖区-东门-洪湖大厦,3000 元/月
合租·马古岭小区,4居室,南卧, 10㎡ ,罗湖区-翠竹-马古岭小区,1660 元/月
整租·港澳8号,1室1厅,南, 42㎡ ,罗湖区-东门-港澳8号,4300 元/月
合租·松泉山庄,4居室,南卧, 11㎡ ,罗湖区-布心-松泉山庄,1890 元/月
合租·贝丽花园,3居室,西南卧, 11㎡ ,罗湖区-翠竹-贝丽花园,1890 元/月
合租·马古岭小区,4居室,南卧, 12㎡ ,罗湖区-翠竹-马古岭小区,2090 元/月
整租·风格名苑,1室1厅,北, 48㎡ ,罗湖区-地王-风格名苑,4800 元/月
合租·马古岭小区,4居室,南卧, 12㎡ ,罗湖区-翠竹-马古岭小区,1890 元/月
整租·中国南海工程有限公司大院,2室1厅,南, 70㎡ ,罗湖区-翠竹-中国南海工程有限公司大院,5500 元/月
合租·合正锦湖魅力城,3居室,南卧, 9㎡ ,罗湖区-洪湖-合正锦湖魅力城,2130 元/月
整租·港逸豪庭,1室1厅,南, 55㎡ ,罗湖区-罗湖口岸-港逸豪庭,4800 元/月
合租·马古岭小区,4居室,北卧, 7㎡ ,罗湖区-翠竹-马古岭小区,1660 元/月
整租·新天地名居,1室1厅,西南, 39㎡ ,罗湖区-黄贝岭-新天地名居,4600 元/月
整租·万事达名苑,1室1厅,南, 51㎡ ,罗湖区-百仕达-万事达名苑,5200 元/月
整租·书院街5号大院,2室1厅,西, 65㎡ ,罗湖区-东门-书院街5号大院,4700 元/月
整租·海丰苑大厦,2室1厅,西南, 50㎡ ,罗湖区-春风路-海丰苑大厦,5500 元/月
整租·翠竹苑,2室1厅,东, 47㎡ ,罗湖区-百仕达-翠竹苑,5000 元/月
合租·碧湖花园,4居室,北卧, 8㎡ ,罗湖区-洪湖-碧湖花园,1790 元/月
整租·怡泰大厦,2室1厅,东北, 57㎡ ,罗湖区-黄贝岭-怡泰大厦,5000 元/月
合租·马古岭小区,4居室,南卧, 11㎡ ,罗湖区-翠竹-马古岭小区,1760 元/月
整租·英达花园,3室1厅,南/北, 83㎡ ,罗湖区-布心-英达花园,5200 元/月
整租·国际名园,1室1厅,南, 43㎡ ,罗湖区-春风路-国际名园,5300 元/月
整租·比华利山庄,5室2厅,东南, 117㎡ ,罗湖区-布心-比华利山庄,5500 元/月
整租·ONE,39,1室1厅, 46㎡ ,罗湖区-地王-ONE-39,4800 元/月
整租·深城公寓,2室1厅,北, 65㎡ ,罗湖区-笋岗-深城公寓,5000 元/月
整租·凤凰印象,1室1厅,南, 41㎡ ,罗湖区-螺岭-凤凰印象,5500 元/月
整租·东门168,2室2厅,南, 61㎡ ,罗湖区-螺岭-东门168,5200 元/月
合租·中海天钻,5居室,西卧, 6㎡ ,罗湖区-万象城-中海天钻,1830 元/月
整租·大地花园,2室1厅,南/西南, 50㎡ ,罗湖区-布心-大地花园,4600 元/月
合租·都市名园,3居室,西北卧, 10㎡ ,罗湖区-万象城-都市名园,2490 元/月
整租·龙园山庄,3室1厅,南, 103㎡ ,罗湖区-清水河-龙园山庄,4800 元/月
合租·马古岭小区,4居室,南卧, 10㎡ ,罗湖区-翠竹-马古岭小区,2090 元/月
整租·京基东方华都,1室1厅,北, 41㎡ ,罗湖区-螺岭-京基东方华都,4600 元/月
合租·雍翠华府,3居室,南卧, 7㎡ ,罗湖区-布心-雍翠华府,1690 元/月
合租·东乐花园,4居室,南卧, 11㎡ ,罗湖区-百仕达-东乐花园,1990 元/月
合租·东乐花园,4居室,南卧, 12㎡ ,罗湖区-百仕达-东乐花园,1790 元/月
整租·东门168,1室0厅,东南, 27㎡ ,罗湖区-螺岭-东门168,3000 元/月
合租·美景大厦,3居室,北卧, 12㎡ ,罗湖区-洪湖-美景大厦,2590 元/月
整租·合正锦湖魅力城,1室0厅,东南, 34㎡ ,罗湖区-洪湖-合正锦湖魅力城,4300 元/月
合租·嘉宝田花园,4居室,北卧, 12㎡ ,罗湖区-笋岗-嘉宝田花园,2660 元/月
整租·东门168,1室0厅,东南, 31㎡ ,罗湖区-螺岭-东门168,3100 元/月
合租·马古岭小区,3居室,南卧, 12㎡ ,罗湖区-翠竹-马古岭小区,2190 元/月
整租·特力大厦,1室0厅,东南, 44㎡ ,罗湖区-翠竹-特力大厦,4000 元/月
整租·海珑华苑,1室0厅,北, 45㎡ ,罗湖区-螺岭-海珑华苑,3800 元/月
整租·京基东方都会,1室1厅,南, 36㎡ ,罗湖区-新秀-京基东方都会,3800 元/月
整租·新天地名居,1室1厅,西北, 38㎡ ,罗湖区-黄贝岭-新天地名居,4200 元/月
整租·丰湖花园,1室1厅,南, 40㎡ ,罗湖区-清水河-丰湖花园,3600 元/月
合租·龙屋小区,3居室,南卧, 13㎡ ,罗湖区-翠竹-龙屋小区,2160 元/月
整租·东港中心,1室1厅,东, 27㎡ ,罗湖区-东门-东港中心,3800 元/月
合租·马古岭小区,4居室,南卧, 10㎡ ,罗湖区-翠竹-马古岭小区,1990 元/月
整租·东港中心,1室1厅,东, 27㎡ ,罗湖区-东门-东港中心,3800 元/月
整租·金城华庭,1室1厅,东南, 39㎡ ,罗湖区-螺岭-金城华庭,4500 元/月
整租·东港中心,1室1厅,东, 24㎡ ,罗湖区-东门-东港中心,4100 元/月
整租·福德花园,1室1厅,东南, 39㎡ ,罗湖区-螺岭-福德花园,3800 元/月
整租·双城世纪,1室0厅,南, 32㎡ ,罗湖区-罗湖口岸-双城世纪,4500 元/月
整租·东港中心,1室1厅,南, 36㎡ ,罗湖区-东门-东港中心,4500 元/月
整租·东港中心,1室1厅,北, 35㎡ ,罗湖区-东门-东港中心,4500 元/月
合租·南海中心,4居室,西南卧, 6㎡ ,罗湖区-东门-南海中心,1830 元/月
整租·雅仕居,1室0厅,南, 22㎡ ,罗湖区-清水河-雅仕居,2200 元/月
合租·桃花园,3居室,南卧, 15㎡ ,罗湖区-笋岗-桃花园,2660 元/月
整租·华隆园,1室0厅,东南, 42㎡ ,罗湖区-螺岭-华隆园,4500 元/月
合租·桃花园,4居室,北卧, 11㎡ ,罗湖区-笋岗-桃花园,2230 元/月
整租·洪湖大厦,1室0厅,南, 44㎡ ,罗湖区-东门-洪湖大厦,3600 元/月
合租·长丰苑,3居室,南卧, 8㎡ ,罗湖区-春风路-长丰苑,1990 元/月
合租·东乐花园,3居室,东卧, 12㎡ ,罗湖区-百仕达-东乐花园,1890 元/月
合租·雍翠华府,3居室,北卧, 7㎡ ,罗湖区-布心-雍翠华府,1660 元/月
整租·红桂皇冠,1室1厅,南, 42㎡ ,罗湖区-地王-红桂皇冠,5000 元/月
合租·新秀村南区,4居室,南卧, 11㎡ ,罗湖区-新秀-新秀村南区,1790 元/月
整租·洪湖二街44号大院,3室1厅,东南, 82㎡ ,罗湖区-洪湖-洪湖二街44号大院,5500 元/月
合租·新秀村南区,4居室,南卧, 9㎡ ,罗湖区-新秀-新秀村南区,1630 元/月
整租·风格名苑,1室1厅,南, 46㎡ ,罗湖区-地王-风格名苑,5500 元/月
合租·马古岭小区,4居室,南卧, 10㎡ ,罗湖区-翠竹-马古岭小区,2090 元/月
整租·华商时代公寓,1室1厅,南, 64㎡ ,罗湖区-笋岗-华商时代公寓,5000 元/月
整租·新银座华庭,2室1厅,东南, 48㎡ ,罗湖区-罗湖口岸-新银座华庭,4600 元/月
整租·华盛君荟名庭,1室1厅,南, 44㎡ ,罗湖区-东门-华盛君荟名庭,5500 元/月
整租·新兴村,3室2厅,东南, 75㎡ ,罗湖区-新秀-新兴村,4600 元/月
整租·明德公馆,1室1厅,南, 42㎡ ,罗湖区-翠竹-明德公馆,4600 元/月
合租·雍翠华府,3居室,南卧, 7㎡ ,罗湖区-布心-雍翠华府,1690 元/月
整租·龙园山庄,3室2厅,南, 105㎡ ,罗湖区-清水河-龙园山庄,4800 元/月
合租·东乐花园,4居室,南卧, 11㎡ ,罗湖区-百仕达-东乐花园,1990 元/月
整租·金鼎大厦,1室1厅,东, 52㎡ ,罗湖区-春风路-金鼎大厦,5000 元/月
整租·辐照中心,3室1厅,南, 97㎡ ,罗湖区-布心-辐照中心,5000 元/月
整租·庐山花园,2室1厅,西北, 49㎡ ,罗湖区-罗湖口岸-庐山花园,5300 元/月
整租·翡翠公寓,2室1厅,南, 33㎡ ,罗湖区-翠竹-翡翠公寓,5000 元/月
整租·新天地名居,1室1厅,西南, 39㎡ ,罗湖区-黄贝岭-新天地名居,4600 元/月
整租·新港鸿花园,2室1厅,西北, 67㎡ ,罗湖区-百仕达-新港鸿花园,5300 元/月
整租·山湖居,2室1厅,南, 61㎡ ,罗湖区-布心-山湖居,5500 元/月
合租·东乐花园,4居室,北卧, 9㎡ ,罗湖区-百仕达-东乐花园,1630 元/月
整租·铂金时代罗湖,1室1厅,东, 35㎡ ,罗湖区-罗湖口岸-铂金时代罗湖,5000 元/月
合租·东乐花园,4居室,南卧, 12㎡ ,罗湖区-百仕达-东乐花园,1790 元/月
整租·罗湖大厦,2室1厅,南, 41㎡ ,罗湖区-春风路-罗湖大厦,5000 元/月
合租·新秀村南区,4居室,北卧, 11㎡ ,罗湖区-新秀-新秀村南区,1660 元/月
整租·英达花园,3室1厅,南/北, 83㎡ ,罗湖区-布心-英达花园,5200 元/月
合租·景贝南小区,4居室,南卧, 11㎡ ,罗湖区-黄贝岭-景贝南小区,1690 元/月
合租·景贝南小区,4居室,东卧, 9㎡ ,罗湖区-黄贝岭-景贝南小区,1630 元/月
合租·公路局大院,4居室,西卧, 10㎡ ,罗湖区-翠竹-公路局大院,1860 元/月
整租·置地逸轩,1室1厅,西, 39㎡ ,罗湖区-春风路-置地逸轩,5500 元/月
整租·金城华庭,1室1厅,东, 39㎡ ,罗湖区-螺岭-金城华庭,4230 元/月
整租·新天地名居,1室1厅,东南, 38㎡ ,罗湖区-黄贝岭-新天地名居,4600 元/月
整租·东门168,1室1厅,东, 25㎡ ,罗湖区-螺岭-东门168,3360 元/月
整租·风格名苑,1室1厅,南, 44㎡ ,罗湖区-地王-风格名苑,5300 元/月
整租·颖隆大厦,1室1厅,北, 35㎡ ,罗湖区-布心-颖隆大厦,3590 元/月
整租·雍翠华府,2室1厅,西北, 43㎡ ,罗湖区-布心-雍翠华府,5000 元/月
整租·二十九号大院,3室1厅,东南, 77㎡ ,罗湖区-百仕达-二十九号大院,5500 元/月
整租·南塘物业小区,2室1厅,东南, 56㎡ ,罗湖区-东门-南塘物业小区,4900 元/月
整租·华清园,3室1厅,跃层, 74㎡ ,罗湖区-新秀-华清园,4800 元/月
整租·ONE,39,1室0厅, 72㎡ ,罗湖区-地王-ONE-39,5166 元/月
整租·海珑华苑,1室1厅,东北, 41㎡ ,罗湖区-螺岭-海珑华苑,4090 元/月
整租·东湖丽苑,2室1厅,南, 57㎡ ,罗湖区-百仕达-东湖丽苑,5500 元/月
整租·新秀工业区,1室1厅,东南/南, 35㎡ ,罗湖区-新秀-新秀工业区,2933 元/月
整租·翡翠公寓,2室1厅,东南, 33㎡ ,罗湖区-翠竹-翡翠公寓,5000 元/月
整租·鸿翔花园,1室0厅,南, 45㎡ ,罗湖区-地王-鸿翔花园,4800 元/月
整租·港岛银座,1室1厅,东南, 42㎡ ,罗湖区-地王-港岛银座,4700 元/月
整租·ONE,39,1室1厅, 46㎡ ,罗湖区-地王-ONE-39,5372 元/月
整租·ONE,39,1室1厅, 46㎡ ,罗湖区-地王-ONE-39,5500 元/月
整租·万科深南道68號,1室0厅,东南, 40㎡ ,罗湖区-春风路-万科深南道68號,5500 元/月
整租·天俊大厦,2室1厅,西南, 56㎡ ,罗湖区-春风路-天俊大厦,5300 元/月
整租·新秀工业区,1室1厅,东南/南, 35㎡ ,罗湖区-新秀-新秀工业区,2930 元/月
整租·明德公馆,1室1厅,东南, 42㎡ ,罗湖区-翠竹-明德公馆,5200 元/月
整租·新秀工业区,1室1厅,北, 39㎡ ,罗湖区-新秀-新秀工业区,2933 元/月
整租·广西外贸住宅小区,1室1厅,西, 50㎡ ,罗湖区-春风路-广西外贸住宅小区,4700 元/月
整租·鸿翔花园,1室1厅,北, 35㎡ ,罗湖区-地王-鸿翔花园,4430 元/月
整租·龙园山庄,3室1厅,东南, 110㎡ ,罗湖区-清水河-龙园山庄,5500 元/月
整租·金丽豪苑,1室1厅,北, 41㎡ ,罗湖区-翠竹-金丽豪苑,4090 元/月
整租·金园花园,1室1厅,西, 37㎡ ,罗湖区-地王-金园花园,4090 元/月
整租·鹏公馆,1室1厅,北, 31㎡ ,罗湖区-翠竹-鹏公馆,4460 元/月
整租·旺业豪苑,1室1厅,东南, 41㎡ ,罗湖区-东门-旺业豪苑,4400 元/月
整租·港澳8号,1室1厅,东南, 42㎡ ,罗湖区-东门-港澳8号,3700 元/月
整租·嘉景苑,2室1厅,西北, 51㎡ ,罗湖区-笋岗-嘉景苑,4500 元/月
整租·幸福华府,1室1厅,东南, 46㎡ ,罗湖区-地王-幸福华府,4000 元/月
整租·金迪名苑,1室1厅,东南/南, 35㎡ ,罗湖区-布心-金迪名苑,4000 元/月
整租·幸福华府,1室0厅,南, 41㎡ ,罗湖区-地王-幸福华府,4000 元/月
整租·都心名苑,1室1厅,南, 40㎡ ,罗湖区-螺岭-都心名苑,4200 元/月
整租·新天地名居,1室1厅,西北, 38㎡ ,罗湖区-黄贝岭-新天地名居,4500 元/月
整租·东门天下,1室0厅,南, 35㎡ ,罗湖区-东门-东门天下,3500 元/月
整租·怡泰大厦,1室1厅,南, 32㎡ ,罗湖区-黄贝岭-怡泰大厦,3500 元/月
整租·德兴大厦,2室1厅,东南, 38㎡ ,罗湖区-罗湖口岸-德兴大厦,4400 元/月
整租·幸福华府,1室0厅,南, 46㎡ ,罗湖区-地王-幸福华府,3900 元/月
整租·旭飞华天苑,2室1厅,南, 54㎡ ,罗湖区-清水河-旭飞华天苑,4200 元/月
整租·星桂园,1室1厅,北, 24㎡ ,罗湖区-地王-星桂园,3690 元/月
整租·翡翠园,1室1厅,南, 43㎡ ,罗湖区-布心-翡翠园,3200 元/月
整租·东港中心,1室1厅,北, 35㎡ ,罗湖区-东门-东港中心,3200 元/月
整租·鹏公馆,1室0厅,南, 31㎡ ,罗湖区-翠竹-鹏公馆,4300 元/月
整租·鹏公馆,1室1厅,东, 30㎡ ,罗湖区-翠竹-鹏公馆,4500 元/月
整租·阳光新干线家园,1室1厅,东北, 39㎡ ,罗湖区-春风路-阳光新干线家园,4200 元/月
整租·中华花园,2室1厅,南, 71㎡ ,罗湖区-布心-中华花园,4500 元/月
整租·华隆园,1室1厅,东南, 42㎡ ,罗湖区-螺岭-华隆园,4200 元/月
合租·东乐花园,4居室,北卧, 8㎡ ,罗湖区-百仕达-东乐花园,1630 元/月
整租·怡泰大厦,1室2厅,东, 68㎡ ,罗湖区-黄贝岭-怡泰大厦,4000 元/月
合租·华丽东村,3居室,北卧, 8㎡ ,罗湖区-黄贝岭-华丽东村,1730 元/月
整租·东港中心,1室1厅,东, 29㎡ ,罗湖区-东门-东港中心,4200 元/月
合租·庐峰翠苑,4居室,西卧, 7㎡ ,罗湖区-黄贝岭-庐峰翠苑,1690 元/月
整租·布心花园一区,2室1厅,南/北, 79㎡ ,罗湖区-布心-布心花园一区,4500 元/月
合租·金祥都市花园,4居室,西卧, 6㎡ ,罗湖区-清水河-金祥都市花园,2030 元/月
整租·红岗花园,1室0厅,西, 35㎡ ,罗湖区-清水河-红岗花园,2650 元/月
合租·松泉山庄,4居室,南卧, 11㎡ ,罗湖区-布心-松泉山庄,1890 元/月
整租·京基东方都会,1室1厅,东, 35㎡ ,罗湖区-新秀-京基东方都会,4500 元/月
合租·东翠花园,4居室,南卧, 16㎡ ,罗湖区-银湖-东翠花园,2090 元/月
整租·新天地名居,1室1厅,南/北, 39㎡ ,罗湖区-黄贝岭-新天地名居,4400 元/月
合租·峰景台大厦,5居室,东卧, 25㎡ ,罗湖区-黄贝岭-峰景台大厦,2390 元/月
整租·怡泰大厦,1室1厅,复式, 38㎡ ,罗湖区-黄贝岭-怡泰大厦,4300 元/月
合租·松园南小区,4居室,南卧, 10㎡ ,罗湖区-地王-松园南小区,1860 元/月
整租·怡泰大厦,1室1厅,东南, 35㎡ ,罗湖区-黄贝岭-怡泰大厦,3500 元/月
整租·龙园山庄,2室1厅,南, 79㎡ ,罗湖区-清水河-龙园山庄,4000 元/月
整租·青橙时代,2室1厅,南, 37㎡ ,罗湖区-布心-青橙时代,4200 元/月
整租·旭飞华天苑,1室1厅,南, 28㎡ ,罗湖区-清水河-旭飞华天苑,2850 元/月
整租·君逸华府,1室1厅,南, 46㎡ ,罗湖区-布心-君逸华府,4500 元/月
整租·幸福华府,1室0厅,西北, 40㎡ ,罗湖区-地王-幸福华府,3900 元/月
整租·集浩大厦,1室1厅,南/北, 45㎡ ,罗湖区-黄贝岭-集浩大厦,3800 元/月
整租·庐山花园,1室0厅,东南, 26㎡ ,罗湖区-罗湖口岸-庐山花园,3100 元/月
整租·英达花园,2室2厅,南/北, 71㎡ ,罗湖区-布心-英达花园,4500 元/月
整租·城市东座,2室1厅,南, 49㎡ ,罗湖区-莲塘-城市东座,4500 元/月
整租·梧桐山新居,1室1厅,南, 42㎡ ,罗湖区-莲塘-梧桐山新居,3100 元/月
整租·富达花园,1室1厅,南, 42㎡ ,罗湖区-莲塘-富达花园,3000 元/月
整租·雍翠豪园,1室1厅,西南, 45㎡ ,罗湖区-莲塘-雍翠豪园,3500 元/月
整租·天越翔园,2室1厅,北, 45㎡ ,罗湖区-莲塘-天越翔园,4000 元/月
整租·雍翠豪园,1室1厅,东, 40㎡ ,罗湖区-莲塘-雍翠豪园,3600 元/月
整租·港澳8号,1室1厅,西南, 48㎡ ,罗湖区-东门-港澳8号,4200 元/月
整租·城市东座,2室1厅,南, 49㎡ ,罗湖区-莲塘-城市东座,4300 元/月
整租·田贝新村,2室1厅,东/东南, 65㎡ ,罗湖区-洪湖-田贝新村,3500 元/月
整租·聚福花园,1室1厅,南, 44㎡ ,罗湖区-莲塘-聚福花园,3600 元/月
整租·田贝花园,1室1厅,东南, 45㎡ ,罗湖区-洪湖-田贝花园,3300 元/月
整租·仙湖枫景家园,1室1厅,东, 37㎡ ,罗湖区-莲塘-仙湖枫景家园,3300 元/月
整租·幸福华府,1室1厅,西南, 33㎡ ,罗湖区-地王-幸福华府,3800 元/月
整租·MR.91公馆,1室1厅,南, 39㎡ ,罗湖区-笋岗-MR.91公馆,3990 元/月
整租·田贝花园,1室1厅,西南, 43㎡ ,罗湖区-洪湖-田贝花园,3500 元/月
整租·金丽豪苑,3室1厅,东南/南, 63㎡ ,罗湖区-翠竹-金丽豪苑,5500 元/月
合租·文华花园,4居室,北卧, 8㎡ ,罗湖区-黄贝岭-文华花园,1790 元/月
整租·城市天地广场,1室1厅,南, 59㎡ ,罗湖区-万象城-城市天地广场,5000 元/月
合租·文华花园,3居室,南卧, 10㎡ ,罗湖区-黄贝岭-文华花园,1890 元/月
整租·凤凰印象,1室1厅,东南, 42㎡ ,罗湖区-螺岭-凤凰印象,5300 元/月
合租·文华花园,4居室,北卧, 6㎡ ,罗湖区-黄贝岭-文华花园,1660 元/月
整租·城市天地广场,1室1厅,南, 47㎡ ,罗湖区-万象城-城市天地广场,5000 元/月
整租·鹏公馆,1室2厅,南, 37㎡ ,罗湖区-翠竹-鹏公馆,4800 元/月
整租·鹏公馆,2室2厅,南, 37㎡ ,罗湖区-翠竹-鹏公馆,5000 元/月
整租·新港鸿花园,2室1厅,南, 67㎡ ,罗湖区-百仕达-新港鸿花园,5500 元/月
整租·田心庆云花园,2室1厅,南, 66㎡ ,罗湖区-笋岗-田心庆云花园,5500 元/月
合租·景贝北小区,3居室,西南卧, 9㎡ ,罗湖区-黄贝岭-景贝北小区,1690 元/月
整租·翠竹苑,2室1厅,南, 48㎡ ,罗湖区-百仕达-翠竹苑,4800 元/月
合租·文华花园,4居室,北卧, 9㎡ ,罗湖区-黄贝岭-文华花园,1690 元/月
整租·嘉景苑,2室1厅,西北, 61㎡ ,罗湖区-笋岗-嘉景苑,5000 元/月
整租·庐山花园,2室1厅,南, 71㎡ ,罗湖区-罗湖口岸-庐山花园,5000 元/月
整租·城市天地广场,1室1厅,北, 46㎡ ,罗湖区-万象城-城市天地广场,5000 元/月
整租·置地逸轩,1室1厅,东南, 39㎡ ,罗湖区-春风路-置地逸轩,5100 元/月
整租·田心大厦,2室1厅,北, 69㎡ ,罗湖区-笋岗-田心大厦,5000 元/月
整租·金丽花园,2室1厅,东, 73㎡ ,罗湖区-笋岗-金丽花园,5500 元/月
整租·泊林花园,1室1厅,东, 47㎡ ,罗湖区-翠竹-泊林花园,5300 元/月
合租·金景花园,4居室,南卧, 7㎡ ,罗湖区-银湖-金景花园,1860 元/月
整租·比华利山庄,3室1厅,南/北, 95㎡ ,罗湖区-布心-比华利山庄,4600 元/月
合租·海关宿舍楼,4居室,东卧, 12㎡ ,罗湖区-罗湖口岸-海关宿舍楼,2190 元/月
整租·国际名园,1室1厅,南, 43㎡ ,罗湖区-春风路-国际名园,5000 元/月
合租·中山花园大厦,3居室,南卧, 8㎡ ,罗湖区-黄贝岭-中山花园大厦,1690 元/月
整租·景贝南小区,3室2厅,南, 94㎡ ,罗湖区-黄贝岭-景贝南小区,5000 元/月
合租·金景花园,3居室,北卧, 9㎡ ,罗湖区-银湖-金景花园,1760 元/月
合租·金祥都市花园,4居室,西卧, 8㎡ ,罗湖区-清水河-金祥都市花园,2130 元/月
合租·松泉山庄,4居室,南卧, 14㎡ ,罗湖区-布心-松泉山庄,2030 元/月
整租·旭飞华天苑,1室0厅,南, 15㎡ ,罗湖区-清水河-旭飞华天苑,2000 元/月
独栋·泊寓,深南68號,甄选两室两厅, 93㎡ ,,9599 元/月
整租·绿映居,1室0厅,南, 18㎡ ,罗湖区-布心-绿映居,1600 元/月
独栋·泊寓,深南68號,臻选一室一厅, 30-44㎡ ,,5299-5699 元/月
整租·泰丽苑,1室0厅,南, 18㎡ ,罗湖区-黄贝岭-泰丽苑,1800 元/月
独栋·泊寓,深南68號,两室一厅, 74㎡ ,,8599 元/月
整租·黄贝岭华侨新村,1室1厅,东南, 28㎡ ,罗湖区-黄贝岭-黄贝岭华侨新村,2500 元/月
整租·梨园公寓,1室1厅,南, 37㎡ ,罗湖区-笋岗-梨园公寓,2400 元/月
整租·贝丽花园,1室0厅,西南, 96㎡ ,罗湖区-翠竹-贝丽花园,2500 元/月
整租·布心公寓,1室1厅,南, 32㎡ ,罗湖区-布心-布心公寓,2800 元/月
整租·清水河生活小区,1室1厅,南/北, 36㎡ ,罗湖区-清水河-清水河生活小区,1450 元/月
合租·布心花园二区,3居室,北卧, 12㎡ ,罗湖区-布心-布心花园二区,1690 元/月
整租·旭飞华天苑,1室1厅,南, 26㎡ ,罗湖区-清水河-旭飞华天苑,2300 元/月
整租·新秀工业区,1室1厅,南, 30㎡ ,罗湖区-新秀-新秀工业区,2730 元/月
整租·碧波花园南区,1室0厅,东南, 18㎡ ,罗湖区-黄贝岭-碧波花园南区,1900 元/月
整租·名都大厦,3室1厅,南, 85㎡ ,罗湖区-螺岭-名都大厦,2000 元/月
整租·鸿颖大厦,1室0厅,南, 10㎡ ,罗湖区-银湖-鸿颖大厦,2000 元/月
整租·怡泰大厦,1室1厅,西南, 29㎡ ,罗湖区-黄贝岭-怡泰大厦,2480 元/月
整租·马古岭小区,1室0厅,东南, 20㎡ ,罗湖区-翠竹-马古岭小区,2300 元/月
整租·旭飞华天苑,1室1厅,东南, 26㎡ ,罗湖区-清水河-旭飞华天苑,2500 元/月
整租·旭飞华天苑,1室1厅,北, 28㎡ ,罗湖区-清水河-旭飞华天苑,2200 元/月
整租·同乐大厦,1室1厅,东南, 25㎡ ,罗湖区-东门-同乐大厦,2200 元/月
整租·海珑华苑,1室1厅,南/北, 52㎡ ,罗湖区-螺岭-海珑华苑,2800 元/月
整租·新秀工业区,1室1厅,南, 30㎡ ,罗湖区-新秀-新秀工业区,2730 元/月
整租·红岗西村,2室1厅,南/北, 76㎡ ,罗湖区-银湖-红岗西村,2000 元/月
整租·莲塘D小区,1室0厅,南/北, 35㎡ ,罗湖区-莲塘-莲塘D小区,1800 元/月
整租·华丽东村,1室0厅,南, 21㎡ ,罗湖区-黄贝岭-华丽东村,2300 元/月
整租·莲塘D小区,1室0厅,南/北, 35㎡ ,罗湖区-莲塘-莲塘D小区,1800 元/月
整租·田贝花园,1室0厅,东, 20㎡ ,罗湖区-洪湖-田贝花园,2400 元/月
整租·田贝花园,1室0厅,东, 25㎡ ,罗湖区-洪湖-田贝花园,2400 元/月
整租·红岗花园,1室0厅,南, 35㎡ ,罗湖区-清水河-红岗花园,2680 元/月
合租·洪湖二街6号大院,4居室,南卧, 10㎡ ,罗湖区-洪湖-洪湖二街6号大院,1990 元/月
合租·金丽花园,3居室,东南卧, 11㎡ ,罗湖区-笋岗-金丽花园,1990 元/月
整租·东方凤雅台,2室1厅,东, 71㎡ ,罗湖区-莲塘-东方凤雅台,4900 元/月
合租·龙屋小区,3居室,南卧, 11㎡ ,罗湖区-翠竹-龙屋小区,1760 元/月
整租·名骏豪庭,2室2厅,西南, 69㎡ ,罗湖区-莲塘-名骏豪庭,4600 元/月
合租·大塘垅小区,4居室,南卧, 7㎡ ,罗湖区-地王-大塘垅小区,1690 元/月
整租·富达花园,2室1厅,南, 78㎡ ,罗湖区-莲塘-富达花园,5000 元/月
合租·大塘垅小区,4居室,北卧, 10㎡ ,罗湖区-地王-大塘垅小区,1830 元/月
整租·合正锦园,2室1厅,北, 74㎡ ,罗湖区-莲塘-合正锦园,5500 元/月
整租·新世界鹿茵翠地,2室1厅,西, 78㎡ ,罗湖区-莲塘-新世界鹿茵翠地,5200 元/月
整租·莲塘花园,3室1厅,北, 93㎡ ,罗湖区-莲塘-莲塘花园,5000 元/月
整租·新世界鹿茵翠地,2室1厅,东, 76㎡ ,罗湖区-莲塘-新世界鹿茵翠地,5300 元/月
整租·天越翔园,2室1厅,南, 58㎡ ,罗湖区-莲塘-天越翔园,5000 元/月
合租·龙屋小区,4居室,南卧, 9㎡ ,罗湖区-翠竹-龙屋小区,1660 元/月
整租·仙桐御景,2室2厅,西南, 74㎡ ,罗湖区-莲塘-仙桐御景,5000 元/月
合租·外运宿舍大院,3居室,东卧, 8㎡ ,罗湖区-地王-外运宿舍大院,1830 元/月
整租·蕙兰雅居,2室1厅,东南, 74㎡ ,罗湖区-莲塘-蕙兰雅居,5200 元/月
整租·畔山花园,3室1厅,南, 98㎡ ,罗湖区-莲塘-畔山花园,5200 元/月
整租·卧龙阁,2室1厅,西北, 56㎡ ,罗湖区-新秀-卧龙阁,4600 元/月
整租·万科深南道68號,1室1厅,西, 52㎡ ,罗湖区-春风路-万科深南道68號,5000 元/月
整租·新天地名居,1室1厅,西南, 39㎡ ,罗湖区-黄贝岭-新天地名居,4500 元/月
整租·新银座华庭,2室1厅,北, 53㎡ ,罗湖区-罗湖口岸-新银座华庭,5500 元/月
整租·ONE,39,3室1厅, 44㎡ ,罗湖区-地王-ONE-39,5300 元/月
合租·翠苑住宅小区,4居室,南卧, 12㎡ ,罗湖区-百仕达-翠苑住宅小区,1860 元/月
整租·港岛银座,1室1厅,东/东南/南, 60㎡ ,罗湖区-地王-港岛银座,5500 元/月
合租·红群楼,5居室,南卧, 13㎡ ,罗湖区-地王-红群楼,1960 元/月
整租·东门天下,2室1厅,东南, 51㎡ ,罗湖区-东门-东门天下,5500 元/月
合租·大塘垅小区,4居室,北卧, 8㎡ ,罗湖区-地王-大塘垅小区,1790 元/月
整租·新银座华庭,2室1厅,东南, 48㎡ ,罗湖区-罗湖口岸-新银座华庭,5400 元/月
合租·红群楼,4居室,北卧, 11㎡ ,罗湖区-地王-红群楼,1990 元/月
合租·翠苑住宅小区,3居室,南卧, 12㎡ ,罗湖区-百仕达-翠苑住宅小区,1890 元/月
合租·大塘垅小区,4居室,南卧, 8㎡ ,罗湖区-地王-大塘垅小区,1660 元/月
整租·翠园十四巷,1室0厅,南, 20㎡ ,罗湖区-螺岭-翠园十四巷,4500 元/月
合租·鹿鸣园,3居室,西卧, 7㎡ ,罗湖区-布心-鹿鸣园,1830 元/月
整租·东港中心,1室1厅,西, 29㎡ ,罗湖区-东门-东港中心,4200 元/月
合租·锦星花园,3居室,南卧, 9㎡ ,罗湖区-黄贝岭-锦星花园,1960 元/月
整租·东港中心,1室1厅,东, 34㎡ ,罗湖区-东门-东港中心,4500 元/月
合租·景贝北小区,3居室,南卧, 13㎡ ,罗湖区-黄贝岭-景贝北小区,1890 元/月
整租·东港中心,1室1厅,东, 34㎡ ,罗湖区-东门-东港中心,4500 元/月
整租·东港中心,1室1厅,西, 35㎡ ,罗湖区-东门-东港中心,4500 元/月
整租·凤凰印象,1室1厅,北, 41㎡ ,罗湖区-螺岭-凤凰印象,5200 元/月
整租·名仕时装批发商城,1室0厅,东, 13㎡ ,罗湖区-东门-名仕时装批发商城,4000 元/月
整租·金丽豪苑,1室1厅,东, 53㎡ ,罗湖区-翠竹-金丽豪苑,4300 元/月
合租·金园花园,5居室,西卧, 7㎡ ,罗湖区-地王-金园花园,1790 元/月
整租·双城世纪,1室0厅,南, 32㎡ ,罗湖区-罗湖口岸-双城世纪,4500 元/月
合租·翠华花园,4居室,东卧, 10㎡ ,罗湖区-黄贝岭-翠华花园,1690 元/月
整租·海洋大厦,1室0厅,南, 54㎡ ,罗湖区-黄贝岭-海洋大厦,4500 元/月
整租·东港中心,1室1厅,东, 24㎡ ,罗湖区-东门-东港中心,3200 元/月
整租·广西外贸住宅小区,1室1厅,南, 40㎡ ,罗湖区-春风路-广西外贸住宅小区,4500 元/月
整租·东港中心,1室1厅,东, 27㎡ ,罗湖区-东门-东港中心,4200 元/月
整租·东港中心,1室1厅,东, 24㎡ ,罗湖区-东门-东港中心,4500 元/月
整租·阳光新干线家园,1室1厅,西北, 39㎡ ,罗湖区-春风路-阳光新干线家园,4400 元/月
整租·东港中心,1室1厅,东, 38㎡ ,罗湖区-东门-东港中心,4500 元/月
合租·集浩花园,5居室,西卧, 14㎡ ,罗湖区-黄贝岭-集浩花园,2390 元/月
整租·东港中心,1室1厅,东/东南, 27㎡ ,罗湖区-东门-东港中心,3800 元/月
合租·新秀村南区,3居室,南卧, 12㎡ ,罗湖区-新秀-新秀村南区,2090 元/月
整租·东港中心,1室1厅,东, 41㎡ ,罗湖区-东门-东港中心,4400 元/月
合租·公路局大院,4居室,南卧, 15㎡ ,罗湖区-翠竹-公路局大院,2660 元/月
整租·东港中心,1室1厅,西, 34㎡ ,罗湖区-东门-东港中心,4200 元/月
整租·TCL雅馨居,1室1厅,北, 28㎡ ,罗湖区-地王-TCL雅馨居,3690 元/月
整租·国际名园,1室0厅,东, 23㎡ ,罗湖区-春风路-国际名园,3390 元/月
合租·华丽东村,4居室,南卧, 10㎡ ,罗湖区-黄贝岭-华丽东村,1760 元/月
